player,team,pos,fg_pct,fga,ft_pct,fta,tpm,pts,reb,ast,stl,blk,tov,note
Nikola Jokic,DEN,C,0.580,17.8,0.810,6.4,1.4,29.0,12.4,10.4,1.7,0.7,3.2,"10/7: started the 10/6 game at Utah, 16 min / 6 pts / 4 reb / 5 ast (ESPN box score; NBA.com Starting 5)"
Victor Wembanyama,SAS,C,0.490,19.8,0.845,6.2,2.7,26.5,12.5,4.0,1.2,4.0,3.4,"10/9: started the 10/8 game vs Atlanta, 17 min / 9 pts / 6 reb / 1 ast on 3-6 (ESPN box score; Yahoo, News 4 San Antonio, Eurohoops)"
Shai Gilgeous-Alexander,OKC,PG,0.520,21.5,0.895,8.6,2.2,32.5,5.1,6.5,1.8,0.9,2.5,"10/7: held out of the 10/6 game vs New Orleans in Tulsa, the second night of a back-to-back (Yahoo, Hoodline); 10/8: started the 10/7 game vs Milwaukee, 18 min (first half only) / 17 pts on 5-5 / 5 ast (ESPN box score; Yahoo/Brew Hoop, SI Bucks)"
Luka Doncic,LAL,"PG,SG",0.470,22.5,0.800,9.0,3.8,33.5,8.5,8.5,1.5,0.4,3.8,"hamstring-monitor (Gr2 Apr 2026; cleared 5/28; self-declared 100% Sept — informational; no multiplier); 10/6: 16 min / 21 pts in the 10/5 preseason opener (box score; Yahoo); 10/7: ruled out of the 10/6 game at Golden State, the second night of a back-to-back; ESPN's feed says 'undisclosed'; one outlet says he left the 10/5 opener holding his right hamstring and the Lakers held him out as a precaution ([SINGLE-SOURCE: Yardbarker]); next game 10/8 vs Sacramento (ESPN game feed; SI Warriors); 10/8: no new item before tonight's game vs Sacramento (SI Lakers); 10/9: started the 10/8 game vs Sacramento, 25 min / 23 pts / 3 reb / 3 ast / 5 to on 6-16 (ESPN box score; Yahoo, Sactown Sports, IBTimes)"
Giannis Antetokounmpo,MIA,"PF,C",0.598,19.2,0.630,9.6,0.3,30.8,11.7,6.3,0.9,1.1,3.2,"10/9: started the 10/8 game vs New Orleans, 18 min / 18 pts / 4 reb / 4 ast on 8-13 (ESPN box score; WSVN, Yahoo, TalkBasket)"
Anthony Davis,WAS,"PF,C",0.515,17.0,0.775,6.8,0.9,24.0,11.8,3.4,1.2,2.1,2.0,"inj-risk; 10/9: started the 10/8 game at New York, 17 min / 16 pts / 7 reb / 2 ast on 6-11 (ESPN box score; Bullets Forever/Yahoo, Sportando, TalkBasket)"
Cade Cunningham,DET,"PG,SG",0.475,21.5,0.850,6.8,2.2,27.5,6.3,9.4,1.1,0.7,4.2,
Anthony Edwards,MIN,"PG,SG",0.455,20.8,0.840,6.5,4.2,28.5,5.8,4.8,1.3,0.6,3.3,"10/8: started the 10/7 game vs Indiana, 20 min / 19 pts, 4-5 from three, all before halftime (ESPN box score; Star Tribune, Sofascore)"
Kevin Durant,HOU,"PF,SF,SG",0.525,16.8,0.845,5.2,2.3,26.0,5.8,4.0,0.8,1.1,3.0,
Jalen Williams,OKC,"SF,PF",0.488,17.0,0.795,5.0,2.0,22.5,5.5,5.4,1.7,0.7,2.6,"10/7: held out of the 10/6 game vs New Orleans in Tulsa, the second night of a back-to-back (Yahoo, Hoodline); 10/8: started the 10/7 game vs Milwaukee, his first game back, 19 first-half min / 16 pts on 8-11 / 6 ast / 2 stl; Daigneault: 'awesome' (ESPN box score; CBS Sports, Yahoo, ClutchPoints)"
Chet Holmgren,OKC,"PF,C",0.500,13.5,0.760,4.0,1.7,17.5,8.8,2.4,0.9,2.4,1.5,"10/7: held out of the 10/6 game vs New Orleans in Tulsa, the second night of a back-to-back (Yahoo, Hoodline); 10/8: out of the 10/7 game vs Milwaukee too: ESPN's feed says rest (day-to-day, 10/12 estimate), RotoWire a quadriceps contusion, likely precautionary [SINGLE-SOURCE: RotoWire] (ESPN game feed; RotoWire; Yahoo)"
Evan Mobley,CLE,"PF,C",0.560,14.5,0.680,4.8,1.2,19.5,9.5,3.6,1.0,1.7,1.9,"FT% repriced 2026-09-29 to 0.680: 2025-26 .606 on 4.6 FTA after .725 and .719, career .674 (B-Ref, StatMuse); line otherwise held; 10/9: started the 10/8 game vs Boston, 17 min / 8 pts / 1 reb / 1 ast on 3-5 [SINGLE-SOURCE: box score] (ESPN box score)"
Donovan Mitchell,CLE,"PG,SG",0.450,19.5,0.870,5.2,3.7,24.5,4.4,5.2,1.4,0.3,2.5,"10/9: started the 10/8 game vs Boston, 17 min / 11 pts / 0 reb / 3 ast on 4-8 [SINGLE-SOURCE: box score] (ESPN box score)"
Devin Booker,PHX,"PG,SG",0.465,19.2,0.890,5.8,2.2,26.0,4.2,7.0,0.9,0.4,3.0,"10/8: started the 10/7 game at Chicago, 23 min / 11 pts on 3-14, 0-8 from three (ESPN box score; SI Bulls, Bleacher Nation, Sofascore)"
Tyrese Maxey,PHI,PG,0.445,18.5,0.880,5.0,3.1,25.0,3.5,6.0,1.6,0.4,2.3,"10/6: healthy inactive for the 10/5 preseason opener (CBS Philadelphia, Inquirer); 10/9: started the 10/8 game at Brooklyn, 19 min / 14 pts / 2 reb / 2 ast on 5-8 (ESPN box score; NBA.com/AP)"
Karl-Anthony Towns,NYK,"C,PF",0.525,15.5,0.830,5.0,2.1,24.8,12.5,3.2,1.0,0.8,2.9,"10/9: started the 10/8 game vs Washington, 19 min / 8 pts / 7 reb / 3 ast on 2-7 [SINGLE-SOURCE: box score] (ESPN box score)"
Domantas Sabonis,SAC,"C,PF",0.585,13.8,0.750,4.5,0.7,19.5,13.5,6.2,0.8,0.5,3.0,"10/9: ruled out of the 10/8 game at the Lakers, undisclosed, after 10 minutes in the 10/5 opener; day-to-day on ESPN's feed with a 10/10 estimate (Kings availability report via James Ham; Yahoo, Sactown Sports; ESPN game feed)"
Alperen Sengun,HOU,"C,PF",0.500,16.0,0.700,5.6,0.5,20.5,10.5,5.2,1.2,0.9,2.8,
Jalen Brunson,NYK,PG,0.485,18.8,0.825,6.6,2.4,26.5,3.0,7.2,0.9,0.1,2.6,"wrist-surgery-monitor (says fully cleared 9/24); practiced 9/29 at the first official camp practice (SNY, BVM); 10/9: started the 10/8 game vs Washington, 20 min / 13 pts / 0 reb / 3 ast on 6-12 (ESPN box score; Sofascore, Yahoo)"
Trae Young,WAS,PG,0.415,17.0,0.870,6.2,2.4,23.5,3.2,9.8,1.3,0.2,4.2,"10/9: started the 10/8 game at New York, 17 min / 15 pts / 0 reb / 4 ast / 2 stl on 4-7, 3-6 from three (ESPN box score; Bullets Forever/Yahoo, Sportando, TalkBasket)"
Ja Morant,POR,PG,0.455,18.0,0.820,6.2,1.8,23.5,4.2,7.5,1.3,0.3,3.4,"inj-risk (20 of 82 games in 2025-26 — calf, elbow and a suspension, 19.5 / 3.3 / 8.1 in 28.4 mpg; 79 appearances over the last three seasons — Basketball-Reference game log, Hoops Rumors Trail Blazers Notes 9/2026, SI Blazers; says he hopes to play every game; day-two camp practice 10/1 — Blazer's Edge). Tag added 2026-10-01 (D58-1): the kit's 60-game line was already the price; the weekly model now expects fewer games; 10/8: started the 10/7 opener vs Golden State, his Portland debut, 19 min / 8 pts on 3-8 / 5 ast / 4 to; Holiday came off the bench (ESPN box score; Blazer's Edge, SI Blazers, CBS Sports, Yahoo)"
Jaren Jackson Jr.,UTA,"PF,C",0.495,16.5,0.790,5.4,2.0,23.5,6.0,2.2,1.3,1.6,1.9,"inj-knee-risk (PVNS surgery); 10/5: started the 10/4 preseason opener, 18 min, 11 pts / 4 reb on 4-7 - first game since the surgery; tag kept by convention for the first season back (box score; Deseret, Salt Lake Tribune); 10/7: started the 10/6 game vs Denver, his second game back, 16 min / 7 pts / 1 blk [SINGLE-SOURCE: box score] (ESPN box score); 10/8: with Nurkic out four weeks (partial plantar plate tear), Jackson Jr. and Hayes are the center options into the season (NBA.com release 10/8; SI Jazz, Yardbarker)"
Stephen Curry,GSW,PG,0.450,18.2,0.930,4.5,4.3,24.0,4.3,5.9,1.0,0.4,2.8,"inj-risk; 9/29: knee 'feeling great, no issues at all', a management plan with select back-to-backs off (NBC Sports Bay Area, Heavy, Yahoo); 10/7: started the 10/6 game vs the Lakers, 14 min / 16 pts / 5 ast, 3-6 from three (ESPN box score; NBA.com Starting 5); 10/8: held out of the 10/7 game at Portland, the second night of a back-to-back, with Green, Lendeborg, Horford, Podziemski, Melton, Santos, Payton and Niang; nine Warriors dressed (Yahoo, Golden State of Mind, Press Democrat, Roundtable)"
Bam Adebayo,MIA,"C,PF",0.490,13.0,0.770,3.6,0.8,16.5,9.8,3.8,1.3,0.8,2.1,"10/9: started the 10/8 game vs New Orleans, 16 min / 9 pts / 4 reb / 2 ast on 3-5 [SINGLE-SOURCE: box score] (ESPN box score)"
Cooper Flagg,DAL,"PF,SF,SG",0.480,16.5,0.780,5.0,1.7,21.0,8.5,4.5,1.4,1.2,2.6,
Scottie Barnes,TOR,"SF,PF,C",0.450,17.0,0.760,5.0,1.3,20.5,8.0,6.0,1.5,1.1,2.9,
Franz Wagner,ORL,"SF,PF",0.470,18.6,0.860,5.9,1.6,24.8,5.8,5.8,1.3,0.6,3.0,"10/8: started the 10/7 opener at Memphis, 14 min / 6 pts / 7 ast / 2 stl [SINGLE-SOURCE: box score] (ESPN box score)"
Paolo Banchero,ORL,PF,0.460,19.5,0.735,7.2,1.9,26.5,7.8,5.0,0.9,0.7,3.2,"10/8: started the 10/7 preseason opener at Memphis, 15 min / 11 pts / 5 ast, 7-10 FT (ESPN box score; NBA.com Starting 5)"
Jalen Johnson,ATL,"SF,PF",0.505,16.5,0.745,4.6,1.6,22.0,10.2,7.5,1.3,1.0,3.4,"10/9: did not play the 10/8 game at San Antonio (coach's decision on the box score); Other Rest, day-to-day on ESPN's feed with a 2026-10-10 estimate [SINGLE-SOURCE: box score] (ESPN box score)"
Amen Thompson,HOU,"PG,SG",0.560,12.5,0.700,4.5,0.4,16.5,8.8,4.5,1.5,1.3,2.1,
LeBron James,PHI,"SF,PF",0.520,13.0,0.780,3.4,1.8,17.5,6.2,6.0,0.9,0.5,2.6,"inj-age41-risk (4th option PHI); 10/6: healthy inactive for the 10/5 preseason opener (CBS Philadelphia, Inquirer); 10/9: started the 10/8 game at Brooklyn, 18 min / 10 pts / 4 reb / 5 ast on 1-1 (ESPN box score; NBA.com/AP)"
Jaylen Brown,PHI,"PF,SF,SG",0.465,19.0,0.770,4.8,2.4,23.0,5.9,4.6,1.2,0.4,2.8,"10/9: started the 10/8 game at Brooklyn, 24 min / 18 pts / 2 reb / 2 ast on 5-9 (ESPN box score; NBA.com/AP)"
Ivica Zubac,IND,C,0.625,11.0,0.670,3.8,0.0,17.0,12.4,2.8,0.7,1.1,1.7,"role 9/30: starter (Circle City Spin day-one, SI Pacers); 10/8: started at C in the 10/7 game at Minnesota, 18 min / 6 pts / 3 reb / 3 to [SINGLE-SOURCE: box score] (ESPN box score)"
De'Aaron Fox,SAS,PG,0.470,19.0,0.750,5.2,1.7,24.0,4.9,6.5,1.6,0.4,2.9,"10/9: late scratch for the 10/8 preseason opener vs Atlanta, general soreness after a demanding morning practice; day-to-day on ESPN's feed with a 10/10 estimate (ESPN game feed; Yahoo)"
Jamal Murray,DEN,PG,0.475,17.6,0.885,4.0,2.6,21.8,4.0,6.2,1.3,0.3,2.2,"healthy (75 GP in 2025-26; the 9/8 inj-achilles-risk tag was a Dejounte Murray garble - removed 2026-09-28); 10/5: DNP the 10/4 preseason opener for personal reasons (box score; Denver Stiffs, Deseret); 10/7: started the 10/6 game at Utah after missing the opener for personal reasons, 16 min / 4 pts / 3 ast [SINGLE-SOURCE: box score] (ESPN box score)"
James Harden,CLE,"PG,SG",0.415,16.5,0.870,6.4,2.9,22.5,5.6,8.5,1.4,0.6,4.2,"10/9: did not play the 10/8 preseason opener vs Boston, right ankle soreness; Atkinson: 'just caution'; day-to-day on ESPN's feed with a 10/11 estimate, next chance Sunday vs Orlando (ESPN game feed; RotoWire, Fear The Sword/Yahoo, CelticsBlog)"
Zion Williamson,NOP,"C,PF",0.565,16.2,0.660,6.9,0.1,24.8,7.3,5.4,1.2,0.9,3.3,"inj-risk; 10/7: started the 10/6 game at Oklahoma City, 16 min / 11 pts / 4 reb, opened the scoring with a dunk (ESPN box score; NBA.com Starting 5); 10/9: started the 10/8 game at Miami, 16 min / 8 pts / 1 reb / 1 ast on 3-9 [SINGLE-SOURCE: box score] (ESPN box score)"
Kawhi Leonard,TOR,"PF,SF,SG",0.495,16.0,0.810,4.0,2.1,21.0,5.8,3.2,1.6,0.5,1.8,"inj-risk; investigation closed 2026-09-02 — $700K fine, no suspension (NBA.com release, ESPN); camp ramp-up plus load management, healthy (TSN 9/29, Raptors Republic 9/30); traded TOR 2026-09-14 (executed); 10/5: held out of the 10/3 preseason opener, no contact work yet, expected to miss the 10/10 Vancouver game too on the ramp-up (box score; HoopsHype 10/3, CTV News, Yahoo); 10/6: expected to miss the 10/10 Vancouver game too, a week of workouts before a possible late-preseason appearance (NBA.com Starting 5, RotoWire, SI); 10/7: no change; likely sits the 10/10 Vancouver game too (NBC Sports 10/3, CP24); the 10/13 game vs the Knicks named as a possible first appearance (SI Raptors, Yahoo); 10/8: no new item; sits the 10/10 Vancouver game, could see action the week after (RotoBaller 10/2, NBC Sports 10/3, TSN); 10/9: no new item; sits the 10/10 Vancouver game, the 10/13 game vs the Knicks the earliest named first appearance (TSN, Sportsnet via Daily Hive, NBC Sports 10/3)"
Tyler Herro,MIL,"PG,SG",0.455,18.8,0.880,4.6,3.2,25.0,5.0,6.2,0.8,0.2,3.1,"10/2: full training-camp participant after an April foot procedure, ramping through the preseason (CBS Sports, RotoWire 9/29-30); 10/6: started the 10/5 preseason opener, 19 min / 11 pts / 3 reb / 3 ast, his first game since the April foot procedure (box score; RotoWire, Yahoo); 10/8: started the 10/7 game at Oklahoma City, 23 min / 13 pts on 5-9, 3-6 from three (ESPN box score; CBS Sports, Yahoo)"
Desmond Bane,ORL,"SG,SF",0.480,15.8,0.890,3.6,2.6,19.8,6.0,5.2,1.2,0.4,2.4,"10/8: started the 10/7 opener at Memphis, 13 min / 9 pts, 3-3 from three [SINGLE-SOURCE: box score] (ESPN box score)"
Derrick White,BOS,"PG,SG",0.445,14.5,0.845,3.2,3.2,18.0,4.6,5.2,1.0,1.2,1.8,"10/9: rested for the 10/8 opener at Cleveland; most regulars expected Saturday vs Philadelphia (ESPN game feed; CelticsBlog, NBC Sports Boston)"
Jimmy Butler,GSW,"SF,PF",0.535,12.8,0.855,6.0,0.9,18.5,5.4,5.6,1.4,0.3,1.5,"acl-recovery-jan26 (light on-court work at three-quarter speed as of the 9/28 media day; Warriors hope for early 2027, no timeline — NBC Bay Area, SF Chronicle); 9/30: light on-court work in an individual rehab phase in Hawaii, 'months away' per Slater (SF Standard, NBC Sports Bay Area 9/29); 10/7: DNP the 10/6 game; ESPN's feed lists him out, right knee surgery, with a 2027-01-02 estimate that is the feed's (ESPN game feed); 10/8: DNP the 10/7 game at Portland, coach's decision on the box score (ESPN box score)"
LaMelo Ball,MIN,PG,0.430,18.5,0.840,4.5,3.4,23.0,4.8,7.0,1.2,0.3,3.4,"10/8: started at PG in the 10/7 game vs Indiana, his second Minnesota game, 20 min / 14 pts with four threes / 7 ast / 5 to; 11 / 4 / 3 in 17 min in the 10/5 debut vs Milwaukee (ESPN box score; Star Tribune, Sofascore, CBS Sports)"
Darius Garland,LAC,PG,0.470,15.6,0.875,3.5,2.9,20.5,2.9,6.8,1.2,0.1,2.6,
Josh Giddey,CHI,"PG,SG",0.470,14.5,0.810,3.2,1.8,16.5,8.5,7.8,1.3,0.7,3.0,"10/8: started the 10/7 opener vs Phoenix, 23 min / 7 pts / 3 reb / 7 ast (ESPN box score; Sofascore)"
Dyson Daniels,ATL,"SG,SF",0.495,12.5,0.610,2.2,1.1,14.5,6.0,4.5,3.0,0.7,1.9,"10/9: started the 10/8 game at San Antonio, 21 min / 13 pts / 11 reb / 1 ast on 6-16 [SINGLE-SOURCE: box score] (ESPN box score)"
Devin Vassell,SAS,"SG,SF",0.465,13.5,0.805,2.4,2.4,16.8,4.0,3.0,1.1,0.4,1.5,"10/9: started the 10/8 game vs Atlanta, 18 min / 12 pts / 3 reb / 1 ast on 4-8 [SINGLE-SOURCE: box score] (ESPN box score)"
Jalen Duren,DET,C,0.690,8.5,0.700,3.3,0.0,12.5,10.5,2.8,0.7,1.2,1.9,"re-signed 10/1: agreed to the fully guaranteed 5yr/$200M deal about 90 minutes before the 11:59 pm ET qualifying-offer deadline, ending the holdout; joins camp (Shams Charania and Chris Haynes via NBA.com 10/2, Yahoo, Hoops Rumors, ClickOnDetroit 10/2). Contract only, no role change; the rfa-holdout judgment card (HELD -0.08 since 9/29) retired at the 10/2 second pull; 10/5: game-time decision (undisclosed) for the 10/5 preseason opener, missed Saturday's open practice (SI Pistons 10/5, RotoWire injury report); 10/6: DNP the 10/5 preseason opener; back at practice Monday, the plan is a ramp to the 10/20 opener with no preseason return date given (Detroit News, SI Pistons/Yahoo, CBS Sports); 10/8: no new item; the ramp stands (RotoBaller, Field Level Media contract items)"
Rudy Gobert,MIN,C,0.665,6.8,0.680,4.0,0.0,12.2,10.8,1.9,0.8,1.4,1.6,"10/8: started the 10/7 game vs Indiana, 19 min / 7 pts / 9 reb [SINGLE-SOURCE: box score] (ESPN box score)"
Jarrett Allen,CLE,C,0.700,8.5,0.720,3.5,0.0,13.8,9.8,2.0,0.9,0.9,1.4,"10/9: started the 10/8 game vs Boston, 17 min / 6 pts / 4 reb / 0 ast / 2 stl on 3-5 [SINGLE-SOURCE: box score] (ESPN box score)"
Walker Kessler,LAL,C,0.660,7.8,0.630,2.6,0.0,11.8,12.0,1.8,0.5,2.4,1.6,"inj-shoulder-risk (first season back; fully cleared for all basketball activity per Pelinka at the 9/28 media day — NBC Sports, CBS); 10/6: held out of the 10/5 preseason opener after jamming a finger on the backboard, day-to-day, 'fine' per Redick (Silver Screen and Roll, Yahoo, Heavy); 10/7: out again 10/6 at Golden State (finger), day-to-day, next chance 10/8 vs Sacramento (ESPN game feed; Yardbarker, SI Warriors); 10/8: no new item before tonight's game vs Sacramento (SI Lakers); 10/9: did not play the 10/8 game vs Sacramento, the jammed finger; day-to-day on ESPN's feed with a 10/13 estimate [SINGLE-SOURCE: ESPN feed] (ESPN game feed)"
Myles Turner,MIL,C,0.460,9.5,0.770,2.6,2.0,12.5,5.8,1.5,0.7,1.7,1.3,"repriced 2026-09-29 to the 2025-26 Milwaukee shape: 71 GP / 26.9 mpg / 11.9 pts / 5.3 reb / 1.6 blk (B-Ref); starter with Ware on his heels and no guarantees (SI Bucks, Behind the Buck Pass); 10/6: started at C in the 10/5 preseason opener, 19 min / 7 pts / 5 reb / 1 blk, Ware 24 min off the bench (box score; Brew Hoop); 10/8: started the 10/7 game at Oklahoma City, 22 min / 19 pts (team high) / 5 reb / 2 blk, 7-8 FT; Ware started beside him in Kuzma's spot (ESPN box score; Yahoo/Brew Hoop, RotoWire)"
Deandre Ayton,WAS,C,0.565,9.0,0.760,1.8,0.1,11.0,7.8,1.5,0.7,0.8,1.5,"backup-watch (WAS projected five lists Sarr at C; role unsettled); 10/9: started the 10/8 game at New York, 17 min / 4 pts / 10 reb / 1 ast on 2-2 (ESPN box score; Fox Sports, Bullets Forever/Yahoo)"
Mark Williams,PHX,C,0.580,10.2,0.795,4.2,0.0,15.5,10.4,2.6,0.7,1.2,2.3,"shoulder-recovery (torn labrum surgery 2026-09-10; about five months, a February return targeted, no set timetable — ESPN, NBA.com, Yahoo, Hoops Wire); 10/8: DNP the 10/7 game at Chicago; ESPN's feed lists him out, shoulder surgery, with a 2027-02-03 estimate that is the feed's (ESPN game feed; box score)"
Kristaps Porzingis,GSW,C,0.485,13.6,0.810,4.2,2.0,19.8,6.9,2.2,0.7,1.5,1.6,"inj-risk; out indefinitely pre-camp with an undisclosed health issue, will not travel to Hawaii camp (Dunleavy 9/28, no timeline; 'hopefully back soon', not ruled out for the season start — NBC Sports, NBA.com, Hoops Rumors); 9/30: ruled out through the first camp week, misses at least four practices and the 10/4 preseason opener (NBC Sports, Yahoo, SI); 10/5: DNP 'not with team' on the 10/4 box score; no new team statement (box score; Yardbarker); 10/7: DNP the 10/6 game vs the Lakers; ESPN's feed carries 'undisclosed, day-to-day' with a 10/13 estimate that is the feed's, not the team's; no new team statement (ESPN game feed; box score); 10/8: not with the nine-man travel group for the 10/7 game at Portland; no new team statement; Kerr's 10/3 framing was 'day-to-day' per one outlet [SINGLE-SOURCE: Roundtable] (box score; Yahoo; Roundtable 10/3); 10/9: no new item; out indefinitely per ESPN's feed (Slater), not with the team on the 10/7 trip; Kerr called it 'definitely concerning' around 10/6 (ESPN injuries feed; Bleacher Report, Newsweek)"
Joel Embiid,PHI,C,0.450,15.0,0.825,7.5,1.4,24.0,8.3,4.5,0.8,0.9,3.3,"inj-risk; 9/29: full participant at the opening practice, no restrictions per Nurse; a back-to-back plan with LeBron being mapped (NBC Sports Philadelphia, Heavy, SI 76ers); 10/6: healthy inactive for the 10/5 preseason opener (CBS Philadelphia, Inquirer); 10/9: started the 10/8 game at Brooklyn, 24 min / 6 pts / 3 reb / 3 ast / 8 to on 1-5 (ESPN box score; NBA.com/AP)"
Nikola Vucevic,ORL,C,0.530,10.5,0.800,2.0,1.1,13.0,7.5,2.4,0.6,0.6,1.4,"bench-role (backup/sixth man behind Wendell Carter; synced 9/21); 10/8: 12 min / 9 pts, 3-3 from three, off the bench in the 10/7 opener at Memphis, Carter started [SINGLE-SOURCE: box score] (ESPN box score)"
Jakob Poeltl,TOR,C,0.610,8.5,0.600,3.0,0.0,11.5,9.0,2.5,0.9,1.1,1.4,
Onyeka Okongwu,ATL,C,0.560,11.5,0.780,2.8,1.7,15.0,7.8,3.0,0.8,1.1,1.5,"10/9: started the 10/8 game at San Antonio, 22 min / 13 pts / 4 reb / 5 ast on 5-11 [SINGLE-SOURCE: box score] (ESPN box score)"
Kel'el Ware,MIL,C,0.545,8.8,0.720,1.5,1.0,11.5,8.5,0.9,0.7,1.3,1.0,"repriced 2026-09-29 to the backup-center role: 2025-26 MIA 77 GP / 34 GS / 22.1 mpg / 11.1 pts / 9.0 reb / 1.1 blk (B-Ref); clear No. 2 behind Turner in camp (SI Bucks, Behind the Buck Pass); 9/30: about 25 mpg as Turner's primary backup (SI Bucks, Behind the Buck Pass, Brew Hoop); 10/6: 24 min / 14 pts / 12 reb off the bench in the 10/5 preseason opener, Turner started (19 min) (box score; Brew Hoop); 10/8: started the 10/7 game at Oklahoma City in Kuzma's spot (Kuzma inactive, no injury designation), 25 min / 18 pts / 12 reb (ESPN box score; Yahoo/Brew Hoop, RotoWire)"
Zach Edey,MEM,C,0.585,9.5,0.720,3.2,0.2,12.5,10.5,1.2,0.5,1.5,1.3,"inj-ankle-risk (bone stress surgery; cleared for full-speed, full-court work and expected ready for the regular season per Kleiman at the 9/28 media day — SI, Yahoo, Hoops Rumors); 9/30: practicing, no two-a-days yet; limited preseason reps expected, ready for the season per Kleiman (Yahoo, SI Grizzlies); 10/5: unlikely to play the 10/5 preseason opener as a precaution, on track for 10/21 (RotoBaller, RotoWire, CBS Sports); 10/6: held out of the 10/5 preseason opener after a full on-court workout Monday; opening night trending, preseason appearances unclear (RotoWire, Yahoo, SI Grizzlies); 10/8: started at C in the 10/7 game vs Orlando, his first game since the ankle surgery, 10 min (all first half) / 2 pts / 4 reb / 1 stl / 1 blk; said he was short on wind, movement sound; Iisalo: the 'best-case scenario' the staff mapped; tag kept by convention for the first season back (ESPN box score; Yahoo, SI Grizzlies, AP via WREG)"
Donovan Clingan,POR,C,0.520,9.0,0.680,2.6,1.0,12.0,11.5,2.0,0.6,1.7,1.2,"starting-center role (SI Blazers, RotoWire); repriced 2026-09-30 to the 2025-26 B-Ref line (77 GP / 27.2 mpg / 12.1 pts / 11.6 reb / 1.1 3PM / 1.7 blk); 10/8: started at C in the 10/7 opener vs Golden State, 20 min / 3 pts on 1-7 / 10 reb (ESPN box score; Blazer's Edge and Yahoo name the starters)"
Jusuf Nurkic,UTA,C,0.500,8.5,0.560,2.7,0.6,10.5,10.0,4.5,1.2,0.6,2.4,"foot-recovery (D-1008-1 default (a) applied 2026-10-09, owner silent: a partial plantar plate tear of the right second toe from the 10/4 opener, re-evaluated in four weeks per the Jazz, a return around early November, the start of the season missed - NBA.com release 10/8, CBS Sports, SI Jazz, Bleacher Report, ClutchPoints; ESPN's feed Out with a 2026-11-04 estimate; re-tag to a risk tier when two outlets report him cleared and playing). Before the injury: starting-center role (camp day-one first unit — Hoops Rumors Jazz Notes, SLC Dunk/Yahoo 9/29); repriced 2026-09-30 to the 2025-26 B-Ref line (41 GP / 26.4 mpg / 10.9 pts / 10.4 reb / 4.8 ast / 1.3 stl / .549 FT); 10/7: out for the 10/6 game vs Denver, right foot on ESPN's feed, day-to-day with a 10/12 estimate; Hayes started at C (ESPN game feed; Deseret/Yahoo list him among the four sidelined); 10/8: the Jazz's medical update (official release on NBA.com, 10/8 01:55 UTC): a partial plantar plate tear of the second toe of the right foot, sustained in the 10/4 preseason opener vs Denver, re-evaluated in four weeks; Haynes: a minimum of four weeks, a return around early November, the start of the season missed; out on ESPN's league feed with a 2026-11-04 estimate that is the feed's; Jackson Jr. and Hayes drew the 10/6 starts (NBA.com release; CBS Sports, SI Jazz, Bleacher Report, ClutchPoints, Yardbarker); the Strus shape (D-1005-2): D-1008-1 on the owner's sheet, tier unchanged today; 10/9: re-tagged foot-recovery by the D-1008-1 default; out on ESPN's league feed with a 2026-11-04 estimate (ESPN injuries feed; the Jazz release)"
Isaiah Hartenstein,OKC,C,0.585,8.0,0.680,2.2,0.0,11.5,11.0,3.5,0.8,1.0,1.6,"10/7: held out of the 10/6 game vs New Orleans in Tulsa, the second night of a back-to-back (Yahoo, Hoodline); 10/8: out of the 10/7 game vs Milwaukee too with ankle soreness, both exhibitions missed; the ankle first kept him out of Germany's August qualifiers; day-to-day on ESPN's feed with a 10/12 estimate, next chance 10/12 at Atlanta (ESPN game feed; RotoWire, Yahoo, SI Thunder); D-1008-2 on the owner's sheet; 10/9: no new item; next chance 10/12 at Atlanta; D-1008-2 (a) holds until that game (ESPN injuries feed, 10/12 estimate)"
Daniel Gafford,DAL,C,0.700,6.5,0.700,2.4,0.0,10.5,7.5,1.5,0.5,1.7,1.1,
Dereck Lively II,DAL,C,0.700,5.5,0.650,1.8,0.0,8.5,8.0,1.3,0.6,1.5,1.2,"foot-recovery (D-RT3 default applied 2026-10-02 — the 10/01 sheet: re-tag at the next pull unless cleared): not cleared for camp, gradually increasing basketball activity with no setbacks, will miss the Macao preseason games from 10/9, 10/21 opener status undetermined (Mavs Moneyball/ESPN, CBS Sports, Yahoo 10/1-2); Gafford the favorite to start while he heals. Was inj-risk: not cleared for camp, running and shooting as of the 9/28 media day (NBA.com recap, Yardbarker); 9/30: ramping toward clearance (ESPN, CBS, Yahoo 9/28-29); 10/6: progressed to shooting, working toward running, no setbacks; misses Macao, 10/21 undetermined (Yahoo, Mavs Moneyball); 10/8: no new item; Macao games 10/9 and 10/11; exclusion stands (TSN, RotoBaller, Roundtable 9/23-24)"
Neemias Queta,BOS,C,0.630,7.5,0.650,2.8,0.0,10.5,8.6,1.4,0.6,1.3,1.5,"role 9/30: starting-center favorite in a three-man platoon with Mitchell Robinson and Garza (Yahoo, SI Celtics); 10/8: first game tonight at Cleveland; the Globe sees Queta and Robinson sharing the frontcourt minutes, NBC Sports has Robinson the reserve (Boston Globe 10/5, NBC Sports 9/28, Hoodline); 10/9: did not play the 10/8 opener at Cleveland (rest on ESPN's feed); Garza started at C, 27 min / 22 pts / 10 reb / 3 blk (ESPN game feed; CelticsBlog, NBC Sports Boston, BVM Sports)"
Mitchell Robinson,BOS,C,0.680,5.5,0.550,2.0,0.0,8.0,9.0,1.0,0.8,1.4,1.0,"inj-risk (timeshare w/ Queta); 10/8: first game tonight at Cleveland; his minutes shrank three straight Knicks seasons on the ankles; says a bigger role is within reach (Boston Globe 10/5, NBC Sports 9/28); 10/9: did not play the 10/8 opener at Cleveland (undisclosed on ESPN's feed); Garza started at C (ESPN game feed; CelticsBlog, NBC Sports Boston)"
Nic Claxton,CHI,C,0.565,9.0,0.580,2.4,0.1,11.0,8.2,2.4,0.9,1.5,1.7,"hamstring-monitor: tweaked a hamstring 10/4-5, re-evaluated in two weeks, out for the entire preseason, questionable for the 10/21 opener (CBS Sports, RotoWire, Yahoo 10/5); 10/7: day-to-day on ESPN's feed; no new item; Chicago plays Phoenix 10/7 (ESPN roster feed); 10/8: DNP the 10/7 opener vs Phoenix as announced; ESPN's feed now carries a 10/21 estimate; out for all five preseason games, re-evaluated two weeks from 10/5 (about 10/19), the 10/21 opener at Toronto in question (ESPN game feed; Hoops Rumors, RotoBaller, ClutchPoints); D-1005-3 carried"
Alex Sarr,WAS,C,0.430,12.5,0.700,2.8,1.4,15.0,7.5,2.8,0.9,1.6,1.9,"inj-foot-risk (June surgery, expected ready); 10/9: did not play the 10/8 opener at New York, the right foot (June surgery), held out per The Athletic via ESPN's feed; Ayton started at C; day-to-day with a 10/10 estimate (ESPN game feed; Fox Sports, Bullets Forever/Yahoo)"
Khaman Maluach,PHX,C,0.560,6.5,0.650,1.8,0.1,9.0,7.5,0.8,0.4,1.4,1.2,"rookie-proj; 10/6: 17 min / 6 pts off the bench in the 10/5 preseason opener, Ighodaro started (box score; Bright Side of the Sun); 10/8: 25 min / 8 pts / 7 reb / 4 ast off the bench in the 10/7 game at Chicago, Ighodaro started again [SINGLE-SOURCE: box score] (ESPN box score); two games, WO-5 decides"
Yves Missi,NOP,C,0.560,7.5,0.620,2.2,0.0,10.0,8.5,1.5,0.6,1.3,1.4,"10/7: started at C in the 10/6 game at Oklahoma City, 19 min / 6 pts / 7 reb; Queen 17 min off the bench [SINGLE-SOURCE: box score] (ESPN box score); 10/9: started the 10/8 game at Miami, 19 min / 11 pts / 9 reb / 0 ast on 4-6 [SINGLE-SOURCE: box score] (ESPN box score)"
Steven Adams,HOU,C,0.580,4.5,0.550,1.8,0.0,6.5,8.5,1.5,0.5,0.7,1.0,inj-ankle-risk (first season back; Grade 3 sprain + Jan 2026 surgery; cleared as a full camp participant at the 9/22 media day per Udoka)
Clint Capela,HOU,C,0.590,6.0,0.600,1.8,0.0,8.0,8.0,1.0,0.6,1.0,1.1,
Wendell Carter Jr.,ORL,C,0.525,9.0,0.740,2.6,0.9,12.0,8.5,2.4,0.7,0.7,1.6,"10/8: started at C in the 10/7 opener at Memphis, 15 min / 13 pts, 3-4 from three [SINGLE-SOURCE: box score] (ESPN box score)"
Goga Bitadze,ORL,C,0.570,6.0,0.650,1.6,0.1,8.5,7.0,1.8,0.7,1.2,1.3,10/8: 13 min / 7 pts off the bench in the 10/7 opener at Memphis [SINGLE-SOURCE: box score] (ESPN box score)
Day'Ron Sharpe,BKN,C,0.563,8.6,0.704,2.9,0.3,11.9,9.4,3.0,1.4,0.9,2.2,"starting-center role (Yahoo Nets camp breakdown, TalkBasket); twinned 2026-09-30 to the kit's 28.2-mpg starter line (built from the 2025-26 B-Ref per-36: 16.8 pts / 12.8 reb / 4.5 ast / 2.1 stl); 10/7: started at C in the 10/6 preseason opener at Charlotte, 18 min / 8 pts / 7 reb / 3 ast / 2 blk [SINGLE-SOURCE: box score] (ESPN box score); 10/9: did not play the 10/8 game vs Philadelphia, left shoulder soreness after playing the opener; Wagner started in his place; day-to-day on ESPN's feed with a 10/12 estimate (ESPN game feed; NBC Sports, NetsDaily)"
Tyrese Haliburton,IND,"PG,SG",0.473,15.5,0.851,3.2,3.0,18.6,3.5,9.2,1.4,0.7,1.6,"inj-achilles-risk (first season back); 10/8: started the 10/7 game at Minnesota, his first game in 472 days since the 2025 Finals Achilles tear, 16 min / 7 pts / 6 ast / 2 blk; tag kept by convention for the first season back scored Indiana's first points (ESPN box score; NBA.com Starting 5, Yahoo, Star Tribune, AP via AOL)"
Jayson Tatum,BOS,"SF,PF",0.452,18.1,0.812,6.5,3.2,26.8,8.7,6.0,1.1,0.5,2.9,"inj-achilles-risk; 10/9: rested for the 10/8 opener at Cleveland with George, White, Queta, Robinson, Hauser and Pritchard; most regulars expected Saturday vs Philadelphia (ESPN game feed; CelticsBlog, NBC Sports Boston, Boston Globe)"
Kyrie Irving,DAL,PG,0.473,16.7,0.916,4.0,2.7,24.7,4.8,4.6,1.3,0.5,2.1,"inj-acl-risk (first season back); 10/9: out of the 10/9 Macao game vs Houston, left knee rest on ESPN's feed; May: he plays one of the two Macao games (ESPN injuries feed; Athlon, China Daily)"
Damian Lillard,POR,PG,0.420,12.5,0.900,4.5,2.5,17.0,3.5,5.5,0.9,0.2,2.2,"inj-achilles-risk (first season back); 10/8: started the 10/7 opener vs Golden State, his first game since the Achilles tear, 19 min / 15 pts, 3-8 from three / 2 stl; the Lillard-Morant backcourt 8-19 with five turnovers, minus-9, Nori: rough around the edges; tag kept by convention for the first season back (ESPN box score; NBA.com Starting 5, Blazer's Edge, SI Blazers, Yahoo, KATU)"
Fred VanVleet,HOU,PG,0.374,12.5,0.810,2.3,2.5,14.1,3.7,5.6,1.6,0.6,1.6,"inj-acl-risk (first season back); 10/1: fully cleared, five-on-five scrimmages for weeks, practiced Wednesday 9/30; no back-to-backs to open the season, minutes limit set by camp progress per Udoka (CBS Sports, The Dream Shake, Yahoo, RotoWire) — D-BV2"
Dejounte Murray,NOP,PG,0.410,15.0,0.790,3.6,2.0,17.0,5.8,6.5,1.8,0.4,2.8,"inj-achilles-risk (14 games last season); 10/7: started the 10/6 game at Oklahoma City, 19 min / 6 pts / 4 reb / 6 ast [SINGLE-SOURCE: box score] (ESPN box score); 10/9: did not play the 10/8 game at Miami, right toe contusion, held out as a precaution per Mosley; day-to-day on ESPN's feed with a 10/14 estimate, next chance Wednesday vs Dallas (ESPN game feed; RotoWire, CBS Sports, Yahoo)"
Paul George,BOS,"SF,PF",0.435,13.5,0.810,2.8,2.2,16.0,5.2,4.2,1.7,0.5,2.4,"inj-risk; 9/29: 'my body has naturally healed', no restrictions reported at camp (Yahoo, NBA.com, CelticsBlog); 10/9: rested for the 10/8 opener at Cleveland; most regulars expected Saturday vs Philadelphia (ESPN game feed; CelticsBlog, NBC Sports Boston)"
Brandon Ingram,LAC,"SG,SF,PF",0.465,15.0,0.820,4.2,1.7,19.0,5.3,3.9,0.8,0.6,2.3,"inj-achilles-risk (partially torn left Achilles found and repaired at the 2026-05 heel surgery, disclosed at the 9/28 media day — ESPN, NBA.com, NBC LA; out for the start of the season, no team timetable, reporting points at Nov–early Dec; 'week-by-week', not participating in camp much) Line repriced 2026-09-29: post-Achilles ramp in a Garland-led offense, assists to the 2025-26 Toronto level (77 GP / 21.5 / 5.6 / 3.7 - B-Ref; ESPN, NBA.com).; 9/30: Redden — a partial tear runs about six months less rehab than a full one; 'week-by-week', on the floor a little in camp (ESPN, NBA.com, Washington Times); 10/8: no new item; out on ESPN's league feed with a 2026-11-01 estimate that is the feed's (ESPN injuries feed; the 9/28 items); 10/9: no new item; the 9/28 timeline stands, reassessed when the season begins; ESPN's feed carries a 2026-11-01 estimate (ESPN injuries feed; abc30, TSN)"
Zach LaVine,SAC,"PG,SF,SG",0.505,16.5,0.840,3.8,3.0,22.5,4.5,4.0,0.8,0.2,2.6,"10/9: started the 10/8 game at the Lakers, 23 min / 11 pts / 1 reb / 4 ast / 4 stl on 3-8 [SINGLE-SOURCE: box score] (ESPN box score)"
DeMar DeRozan,DEN,"PF,SF",0.475,12.5,0.845,4.2,0.8,16.0,3.4,3.6,0.8,0.5,1.7,"9/30: bench unit projected, possible starter over Cam Johnson or Braun (Forbes 9/29, SI Nuggets); 10/7: 11 min / 7 pts off the bench in the 10/6 game at Utah, Johnson and Braun started [SINGLE-SOURCE: box score] (ESPN box score)"
Jalen Green,PHX,"SF,SG",0.430,17.8,0.830,5.0,3.0,21.5,4.4,3.5,0.9,0.3,2.6,"role 9/30: starter, usage share down with Bridges added (SI Suns, Valley of the Suns, BVM 9/29); 10/8: started the 10/7 game at Chicago, 22 min / 12 pts / 4 reb / 2 stl / 4 to [SINGLE-SOURCE: box score] (ESPN box score)"
Norman Powell,CHI,"SG,SF",0.480,15.2,0.805,3.8,2.9,21.0,3.2,2.2,1.1,0.2,1.8,"10/8: started the 10/7 opener vs Phoenix, 14 min / 14 pts, 3-4 from three (ESPN box score; NBA.com Starting 5)"
Cam Thomas,FA,SG,0.440,18.5,0.880,5.4,2.5,24.0,3.4,4.0,0.7,0.2,2.7,"out-unsigned (D-CAST-1, owner 2026-10-07: unsigned free agent after camp opened, excluded from every board until two outlets report a signing; on his 2025-26 line he grades 318th of 323 draftable, Basketball-Reference 42 GP / 13.5 pts in 21.0 min on .410, read 2026-10-07; the row still carries his 2024-25 Brooklyn line and is re-derived when he signs; unsigned per Spotrac and the NBC Sports free-agent list, 2026-10-07); 10/8: still unsigned, no dated item (Spotrac, RotoWire); 10/9: still unsigned, no dated item; the Basketball-Reference ledger's newest block (10/7) carries no signing (ledger read directly; Spotrac)"
Coby White,CHA,"PG,SG",0.455,16.0,0.900,4.0,3.0,20.5,3.8,4.6,0.9,0.2,2.3,"role 9/30: starter (SI Hornets, Yahoo); 10/6: left calf strain in camp, out for the entire preseason, regular-season status not stated (NBA.com 10/5, RealGM, SI Hornets, Heavy); untagged pending D-1006-2; 10/7: out of the 10/6 preseason opener as announced; Schroder started at PG; ESPN's feed carries a 10/21 estimate (ESPN game feed; NBA.com); 10/8: NBA.com/AP 10/6: a left calf strain in camp, out for the entire preseason, the 10/21 opener at Brooklyn unclear, updates when the extent is known (NBA.com, TSN, Spectrum News); D-1006-2 carried"
Austin Reaves,LAL,"PG,SF,SG",0.465,16.8,0.880,6.5,2.7,23.0,4.6,6.8,1.1,0.3,3.0,"10/6: held out of the 10/5 preseason opener after tweaking an ankle, day-to-day, 'fine' per Redick (Silver Screen and Roll, Yahoo, SI Lakers); 10/7: out again 10/6 at Golden State (ankle), day-to-day, next chance 10/8 vs Sacramento (ESPN game feed; Yardbarker, SI Warriors); 10/8: no new item before tonight's game vs Sacramento (SI Lakers); 10/9: started the 10/8 game vs Sacramento, 25 min / 8 pts / 5 reb / 8 ast on 2-7 (ESPN box score; Yahoo, Sactown Sports, IBTimes)"
Jordan Poole,NOP,"PG,SG",0.410,9.0,0.870,2.2,1.9,10.5,1.7,2.5,0.6,0.2,1.5,"repriced 2026-09-29 to the third-guard role: 2025-26 39 GP / 8 GS / 23.9 mpg / 13.4 pts and out of the rotation by season's end (B-Ref); camp reporting has him behind Murray and Fears at PG with Mathurin at SG (SI Pelicans, Yahoo camp preview, Pelican Debrief); 10/7: 16 min / 9 pts off the bench in the 10/6 game at Oklahoma City [SINGLE-SOURCE: box score] (ESPN box score); 10/9: off the bench in the 10/8 game at Miami, 13 min / 14 pts / 1 reb / 2 ast on 4-5, 3-4 from three (ESPN box score; Yahoo, Crescent City Sports, Roundtable)"
CJ McCollum,ATL,"PG,SG",0.445,14.5,0.785,2.2,2.6,17.5,3.5,4.0,1.0,0.4,1.8,"10/6: out for the 10/5 preseason opener (nose contusion), next chance 10/8 at San Antonio (RotoWire, CBS Sports); 10/8: game-time decision on ESPN's injury page for tonight at San Antonio, the nose contusion (ESPN injuries page; Locked On); 10/9: started the 10/8 game at San Antonio, 19 min / 14 pts / 5 reb / 4 ast on 5-11, 4-6 from three [SINGLE-SOURCE: box score] (ESPN box score)"
Anfernee Simons,PHI,"PG,SG",0.430,12.0,0.900,2.6,2.6,14.5,2.6,3.4,0.8,0.2,1.8,
Malik Monk,SAC,"SG,PG",0.440,11.0,0.850,3.0,1.9,14.5,3.0,4.5,0.9,0.3,1.9,"10/6: held out of the 10/5 preseason opener as a precaution, no injury reported; next chance 10/8 at the Lakers (Heavy, Yahoo; ESPN schedule); 10/8: no new item before tonight's game at the Lakers (SI Kings); 10/9: ruled out of the 10/8 game at the Lakers, rest per ESPN's feed (Kings availability report via James Ham; Yahoo, Sactown Sports)"
Immanuel Quickley,TOR,"PG,SG",0.425,13.8,0.870,3.1,2.6,17.5,3.6,6.0,1.0,0.1,2.1,
Jalen Suggs,ORL,"PG,SG",0.420,13.0,0.860,3.2,2.3,17.0,4.2,4.0,1.6,0.8,2.6,"10/6: illness, ran at Tuesday's practice, uncertain for the 10/7 preseason opener (RotoWire 10/6, Yahoo); 10/8: did not dress for the 10/7 opener at Memphis, the illness of several days; day-to-day on ESPN's feed with a 10/11 estimate; next chance Sunday at Cleveland (ESPN game feed; CBS Sports, Yahoo)"
Stephon Castle,SAS,"PG,SG",0.463,12.0,0.732,5.6,1.2,16.7,5.3,7.4,1.1,0.3,3.2,"line re-derived 10/7 (D-CAST-2, first step): rates from his 2025-26 Basketball-Reference line (68 GP, 30.0 min, 16.7 pts / 5.3 reb / 7.4 ast on .471, .734 FT, read 2026-10-07) at last season's 30.0 minutes, FG% and FT% shrunk one-third toward career (.448 / .729); was the July line (4.8 ast on .440). Minutes are not a role claim here: the Spurs' first preseason game is 10/8 and Harper's push for a starting role is live (ESPN via FantasyAlarm preview), so the minutes are re-checked at WO-5 after their first two games; 10/8: San Antonio's first game is tonight vs Atlanta, the second 10/10 at Phoenix; the minutes re-check (D-CAST-2a) follows the second (ESPN schedule; KSAT); 10/9: started the 10/8 preseason opener vs Atlanta, 18 min / 14 pts on 5-8 / 4 reb / 3 ast; the minutes re-check (D-CAST-2a) follows the 10/10 game at Phoenix (ESPN box score; Yahoo, News 4 San Antonio)"
Scoot Henderson,POR,PG,0.430,10.0,0.790,2.5,1.4,11.5,3.0,4.5,1.0,0.3,2.3,10/8: 17 min / 9 pts / 3 ast off the bench in the 10/7 opener vs Golden State [SINGLE-SOURCE: box score] (ESPN box score)
Reed Sheppard,HOU,"PG,SG",0.450,10.0,0.860,2.1,2.2,12.5,3.0,3.9,1.2,0.4,1.5,bench-role (VanVleet healthy; role recompressed per 9/16 research; synced 9/21)
Andrew Nembhard,IND,"PG,SG",0.470,11.0,0.800,2.4,1.3,12.5,3.2,6.8,1.2,0.4,2.2,"role 9/30: starter (Circle City Spin day-one, SI Pacers); 10/8: started the 10/7 game at Minnesota, 16 min / 4 pts [SINGLE-SOURCE: box score] (ESPN box score)"
Kevin Porter Jr.,MIL,"PG,SG",0.430,9.5,0.780,2.0,1.5,11.5,4.0,3.5,0.9,0.3,1.6,"starting-PG battle with Ryan Rollins (SI Bucks, Yahoo camp preview 9/30); 10/1: undecided, Rollins listed first on the camp depth chart (RealGM) — row noted 2026-10-01 after the 9/30 report wrongly said the deck had no Porter row (D-30-1 closed); 10/6: the first sub off the bench in the 10/5 preseason opener, 19 min / 7 pts, Rollins started (box score; Brew Hoop); 10/8: inactive for the 10/7 game at Oklahoma City with no injury designation; Rollins started both games (Yahoo/Brew Hoop; absent from the ESPN box score)"
Ryan Rollins,MIL,"PG,SG",0.465,12.5,0.800,2.2,1.9,15.5,4.2,5.2,1.4,0.4,1.9,"starting-PG battle with Kevin Porter Jr (SI Bucks, Yahoo camp preview); repriced 2026-09-30 toward the 2025-26 line (17.3 / 4.6 / 5.6 / 1.5 in 32.1 mpg on 47/40 — Yahoo, SI) with a share haircut; 10/1: battle undecided; listed first on the camp depth chart (RealGM), the starter debate still live (SI Bucks); 10/2, second pull: Jenkins may use multiple starting groups through the preseason (SI Bucks, Yahoo); the camp photo's first five had Rollins at the point ([SINGLE-SOURCE: SI Bucks]); 10/6: started the 10/5 preseason opener at PG (Rollins, Herro, Jaquez, Kuzma, Turner), 15 pts in 14 min before fouling out; a cut above the right eye needing stitches, returned the same quarter; Porter the first sub, 19 min off the bench (box score; Brew Hoop, Yahoo, Bucks PR via Eric Nehm); one game, WO-5 decides; 10/8: started at PG again in the 10/7 game at Oklahoma City, 21 min / 12 pts / 7 ast on 5-7, Porter Jr. inactive with no injury designation; two starts in two games, WO-5 decides (ESPN box score; Yahoo/Brew Hoop, RotoWire, CBS Sports); 10/9: no new item; Milwaukee's next game is 10/11 at Charlotte (ESPN schedule; Roundtable, Brew Hoop)"
Dylan Harper,SAS,"PG,SG",0.455,12.5,0.760,3.8,1.4,15.5,4.2,5.0,1.3,0.4,2.5,"role 9/30: starter or first guard in with Fox and Castle, Johnson rotating lineups (Yahoo, CBS Sports, Air Alamo); 10/9: started the 10/8 game vs Atlanta, 19 min / 16 pts / 4 reb / 4 ast on 5-7, 3-5 from three (ESPN box score; Yahoo, News 4 San Antonio, Eurohoops)"
VJ Edgecombe,PHI,"PG,SG",0.445,13.8,0.785,3.6,1.9,17.0,4.6,3.8,1.4,0.5,2.1,"10/6: started the 10/5 preseason opener, 20 min / 12 pts / 4 reb / 7 ast (box score; NBC Sports Philadelphia, Yahoo); 10/9: started the 10/8 game at Brooklyn, 23 min / 11 pts / 5 reb / 1 ast on 3-6 (ESPN box score; NBA.com/AP)"
Keyonte George,UTA,"PG,SG",0.445,15.5,0.830,4.5,2.9,20.5,3.8,5.8,0.9,0.1,2.9,"role 9/30: starter (SI Jazz, Hoops Rumors); 10/7: started the 10/6 game vs Denver, 13 min / 6 pts / 4 ast [SINGLE-SOURCE: box score] (ESPN box score)"
Isaiah Collier,UTA,"PG,SG",0.465,10.5,0.720,2.8,0.8,12.5,3.6,7.0,1.2,0.2,2.9,10/7: 17 min / 6 pts / 3 ast off the bench in the 10/6 game vs Denver [SINGLE-SOURCE: box score] (ESPN box score)
Jaden Ivey,FA,SG,0.460,13.5,0.750,4.0,2.1,18.0,4.2,4.2,0.9,0.5,2.4,"out-unsigned (D-CAST-1, owner 2026-10-07: unsigned free agent after camp opened, excluded from every board until two outlets report a signing; on his 2025-26 line he grades outside the pool's draftable 156 either way; waived by Chicago 2026-03-30; unsigned per Spotrac and the NBC Sports free-agent list, 2026-10-07); 10/8: still unsigned, no dated item (Spotrac, SalarySwish); 10/9: still unsigned, no dated item; the ledger's newest block (10/7) carries no signing (ledger read directly; Spotrac)"
Cason Wallace,OKC,"PG,SF,SG",0.480,8.5,0.800,1.5,1.4,11.0,3.5,3.4,1.7,0.5,1.1,"10/7: held out of the 10/6 game vs New Orleans, rest on ESPN's feed [SINGLE-SOURCE: ESPN feed] (ESPN game feed); 10/8: started the 10/7 game vs Milwaukee, 18 min / 7 pts / 6 ast (ESPN box score; Yahoo names the starters)"
Bub Carrington,WAS,"PG,SG",0.420,11.5,0.810,2.0,1.8,13.0,4.2,4.8,0.9,0.3,2.1,"10/9: off the bench in the 10/8 game at New York, 17 min / 11 pts / 3 reb / 1 ast / 4 to on 3-6 (ESPN box score; Bullets Forever/Yahoo, Sportando, TalkBasket)"
Jeremiah Fears,NOP,"PG,SG",0.430,12.0,0.750,3.4,1.2,14.0,3.2,5.2,1.1,0.2,2.8,"rookie-proj; 10/7: 17 min / 12 pts off the bench in the 10/6 game at Oklahoma City, Dejounte Murray started at PG (ESPN box score; NBA.com Starting 5); 10/9: started the 10/8 game at Miami, 19 min / 11 pts / 2 reb / 2 ast on 4-8 (ESPN box score; Yahoo, Crescent City Sports, Roundtable)"
Egor Demin,BKN,"PG,SG",0.420,10.5,0.760,1.8,1.5,11.5,4.0,5.5,1.0,0.3,2.5,"rookie-proj; starting-guard projection (Yahoo Nets camp breakdown, TalkBasket); non-surgical plantar fasciitis procedure this offseason, participation monitored (Yahoo, CBS); 10/7: started at PG in the 10/6 preseason opener at Charlotte with Brown Jr. out, 18 min / 6 pts / 5 ast [SINGLE-SOURCE: box score] (ESPN box score); 10/9: started the 10/8 game vs Philadelphia, 22 min / 13 pts / 1 reb / 5 ast on 5-13 (ESPN box score; NetsDaily, Yahoo, NBC Sports)"
Tre Johnson,WAS,"PG,SF,SG",0.435,12.5,0.840,2.6,2.1,15.0,3.2,2.8,0.8,0.3,1.9,"rookie-proj; 10/9: off the bench in the 10/8 game at New York, 18 min / 5 pts / 1 reb / 0 ast on 2-6 [SINGLE-SOURCE: box score] (ESPN box score)"
Kon Knueppel,CHA,"SF,SG",0.455,12.8,0.855,2.9,2.6,16.5,4.2,3.6,0.9,0.3,1.7,"hamstring-monitor (left hamstring strain 9/25: out for preseason, likely misses the start of the season, re-eval first week); 10/1: hamstring pain gone, rebuilding strength, no five-on-five yet; re-evaluation the week of 10/19, the 10/21 opener undecided per Peterson (Yahoo, NBC Sports); 10/2: will miss the entire preseason, the 10/21 opener in doubt, re-evaluation the week of 10/19 (NBA.com, Yahoo, WBTV); 10/5: 'trending positively', doing a little more on the court each day per Lee 10/4; still out for the preseason, re-evaluated the first week of the season (Yahoo, SI Hornets); 10/6: 'iffy for opening night' (RotoBaller 10/6, NBC Sports); no change from Lee's 10/4 update; 10/7: out of the 10/6 preseason opener as announced; ESPN's feed carries a 10/21 estimate, the opener (ESPN game feed; TSN, NBC Sports); 10/8: a little more on-court work each day per the coach (10/4); re-check the week of 10/19, his target the 10/21 opener at Brooklyn (Roundtable 10/4, ClutchPoints, NBC Sports); D-1002-1 holds"
Brandin Podziemski,GSW,"SG,PG",0.450,10.5,0.800,1.8,1.8,12.5,4.8,4.0,1.0,0.3,1.8,"10/7: started the 10/6 game vs the Lakers, 19 min / 16 pts on 7-11 [SINGLE-SOURCE: box score] (ESPN box score); 10/8: held out of the 10/7 game at Portland, rest on ESPN's feed with a 10/10 estimate (ESPN game feed; Yahoo, Golden State of Mind)"
Moses Moody,GSW,"SG,SF,PF",0.440,9.5,0.820,2.0,1.8,12.0,3.2,1.8,0.8,0.4,1.1,"patellar-recovery (no return timeline); 10/7: DNP the 10/6 game vs the Lakers, coach's decision on the box score; no return timeline (ESPN box score); 10/8: DNP the 10/7 game at Portland, coach's decision on the box score (ESPN box score)"
De'Anthony Melton,GSW,"PG,SG",0.420,9.0,0.780,1.6,1.7,10.5,3.6,3.2,1.5,0.4,1.5,"inj-risk; 10/7: 18 min / 9 pts / 3 ast off the bench in the 10/6 game vs the Lakers [SINGLE-SOURCE: box score] (ESPN box score); 10/8: held out of the 10/7 game at Portland with the regulars (Yahoo, Golden State of Mind)"
Keon Ellis,BKN,"SG,SF",0.465,8.0,0.830,1.5,1.7,10.5,2.8,2.2,1.4,0.5,1.0,"10/7: started the 10/6 preseason opener at Charlotte, 12 min / 5 pts (ESPN box score; Yahoo had him expected to start); 10/9: started the 10/8 game vs Philadelphia, 21 min / 12 pts / 2 reb / 0 ast on 5-8 [SINGLE-SOURCE: box score] (ESPN box score)"
Gradey Dick,LAC,"SG,SF",0.440,9.5,0.830,2.0,1.9,12.0,3.0,1.5,0.7,0.2,1.0,traded LAC 2026-09-14 (executed)
Buddy Hield,CHI,"SG,SF",0.430,9.5,0.820,1.2,2.4,11.5,3.0,1.8,0.7,0.2,1.2,traded CHI 2026-09-26 (CHA sent Hield + cash for Rob Dillingham - his second trade in five days after ATL->CHA 9/22); bench shooter role; 10/8: 15 min / 8 pts off the bench in the 10/7 opener vs Phoenix [SINGLE-SOURCE: box score] (ESPN box score)
Gary Trent Jr.,MIL,"SG,SF",0.430,9.8,0.830,1.2,2.3,12.0,2.6,1.5,1.0,0.2,1.0,"10/8: inactive for the 10/7 game at Oklahoma City, no injury designation (Yahoo/Brew Hoop; absent from the ESPN box score)"
Jordan Hawkins,CHI,SG,0.420,10.5,0.850,2.0,2.2,13.0,2.8,1.8,0.8,0.2,1.5,"traded MEM 2026-09-08 (four-player NOP-MEM deal clearing room to complete the Mathurin signing); 10/5: waived by Memphis in the roster crunch per ESPN/Shams, NBC Sports, Hoops Rumors and Yahoo (10/4-5), $7M guaranteed; ESPN's official roster feed still listed him on the 10/5 direct check, so the placement moves to FA when the feed or the ledger reflects it (roster validation lock); 10/6: Basketball-Reference's 2026-27 transactions ledger now carries the 10/2 waiver (read directly); not on the 10/5 box score; ESPN's official roster feed still listed him on MEM at the 10/6 direct check, so the placement stays under the lock (D-1005-4 carried); 10/7: signed a two-way contract with Chicago on 10/6 after clearing waivers (Isaiah Stevens waived; NBA.com release, ESPN/Shams, Yahoo, Hoops Rumors, Heavy); ESPN's official roster feed still listed him on MEM at the 10/7 direct-complete check and not on CHI, so the placement stays under the lock (D-1005-4 re-put); 10/8: placement moved MEM -> CHI: ESPN's official roster feed lists him on Chicago (22 names) and no longer on Memphis (20) at the 10/8 direct-complete check, so the lock releases (D-1005-4 closed); DNP the 10/7 opener vs Phoenix, coach's decision, on the two-way contract (ESPN roster feed; box score; SI Bulls, Bleacher Nation on the two-way)"
Collin Sexton,LAL,"PG,SG",0.470,12.5,0.830,3.4,1.7,16.5,3.0,4.4,0.9,0.1,2.3,"10/6: held out of the 10/5 preseason opener, 'very light lower-body' per Redick, day-to-day (Silver Screen and Roll, Yardbarker); 10/7: out again 10/6 at Golden State (lower body), day-to-day, next chance 10/8 vs Sacramento (ESPN game feed; Yardbarker, SI Warriors); 10/8: no new item before tonight's game vs Sacramento (SI Lakers); 10/9: did not play the 10/8 game vs Sacramento, lower body; day-to-day on ESPN's feed with a 10/13 estimate [SINGLE-SOURCE: ESPN feed] (ESPN game feed)"
Dennis Schroder,CHA,"PG,SG",0.430,8.5,0.850,2.1,1.3,10.5,2.3,4.5,0.8,0.1,1.9,"10/7: started at PG in the 10/6 preseason opener vs Brooklyn with Coby White out, 15 min / 5 pts / 2 ast [SINGLE-SOURCE: box score] (ESPN box score)"
Russell Westbrook,FA,"PG,SG",0.440,10.0,0.660,2.8,0.8,12.0,5.0,5.5,1.1,0.3,2.8,out-retired (announced 2026-08-12 after 18 seasons)
Malcolm Brogdon,FA,PG,0.440,9.0,0.870,2.0,1.4,11.5,3.4,4.0,0.7,0.2,1.6,out-retired
Lonzo Ball,FA,PG,0.420,8.5,0.750,1.2,1.8,10.0,4.6,5.0,1.4,0.6,2.0,"out-unsigned (D-CAST-1, owner 2026-10-07: unsigned free agent after camp opened, excluded from every board until two outlets report a signing; on his 2025-26 line he grades a deep-bench line with the injury history on top; unsigned per Spotrac and his ESPN player page, 2026-10-07); was inj-risk; 10/8: still unsigned, no dated item (RotoWire, Eurohoops); 10/9: still unsigned, no dated item; the ledger's newest block (10/7) carries no signing (ledger read directly; RotoWire)"
Jose Alvarado,NYK,PG,0.430,7.0,0.810,1.2,1.3,8.5,2.2,3.5,1.5,0.2,1.3,"10/9: off the bench in the 10/8 game vs Washington, 14 min / 6 pts / 2 reb / 1 ast on 2-7 [SINGLE-SOURCE: box score] (ESPN box score)"
Payton Pritchard,BOS,PG,0.465,15.0,0.850,2.2,3.8,19.0,4.2,5.5,1.0,0.2,2.0,"10/9: did not play the 10/8 opener at Cleveland (undisclosed on ESPN's feed) (ESPN game feed; CelticsBlog, NBC Sports Boston)"
Anthony Black,ORL,"PG,SG,SF",0.455,9.5,0.760,2.4,1.1,11.5,3.4,4.2,1.2,0.5,1.8,"role 9/30: sixth man, 20-25 mpg; first up if Suggs misses time (SI Magic, Orlando Magic Daily); 10/1: minor ankle sprain from the voluntary workouts, day-to-day, limited at the start of camp (Sweeney via HoopsHype 9/30, SI Magic, RotoBaller); 10/5: practiced Sunday 10/4, full-speed non-contact work, 'pretty close' per Sweeney; opener 10/7 (RotoWire, CBS Sports, Hoops Rumors); 10/6: not yet confirmed for the 10/7 opener, full-speed non-contact work (ClutchPoints, Yahoo); 10/8: did not dress for the 10/7 opener at Memphis, the minor ankle sprain from the voluntary workouts; day-to-day on ESPN's feed with a 10/11 estimate; Jase Richardson started in his place (ESPN game feed; CBS Sports, Yahoo)"
Nickeil Alexander-Walker,ATL,"PG,SG",0.455,13.5,0.890,3.4,2.8,18.4,3.0,3.3,1.2,0.5,1.9,"starting-SG role (NBA.com season preview 9/22 — Zillgitt; SI Hawks projected lineup; Dort the alternative per SI Hawks' camp position battles); repriced 2026-10-01 to the 2025-26 B-Ref game-log line (78 GP / 33.3 mpg / 20.8 pts / 3.2 3PM / 3.4 reb / 3.7 ast / 1.3 stl / .459 FG / .902 FT) at 31 minutes with a share haircut for McCollum, Dort and Wiggins — the kit carries the same line (D-30-2); 10/6: started the 10/5 preseason opener with McCollum (nose contusion) and Dort (right knee contusion) out, 16 min / 14 pts (box score; RotoWire, CBS Sports); 10/8: no new item before tonight's game at San Antonio (SI Hawks, RotoWire); 10/9: started the 10/8 game at San Antonio, 23 min / 7 pts / 3 reb / 2 ast on 2-8 [SINGLE-SOURCE: box score] (ESPN box score)"
Mikal Bridges,NYK,"SF,PF",0.500,14.8,0.815,2.2,2.2,18.0,3.4,3.8,1.0,0.5,1.5,"10/9: started the 10/8 game vs Washington, 20 min / 2 pts / 1 reb / 3 ast on 1-6 [SINGLE-SOURCE: box score] (ESPN box score)"
OG Anunoby,NYK,"SF,PF",0.480,13.5,0.805,2.5,2.3,18.5,5.0,2.3,1.6,0.9,1.4,"10/9: started the 10/8 game vs Washington, 19 min / 10 pts / 5 reb / 1 ast on 3-6 [SINGLE-SOURCE: box score] (ESPN box score)"
Trey Murphy III,NOP,"SG,SF",0.460,15.5,0.885,3.9,3.1,22.0,5.3,3.7,1.1,0.7,2.1,"inj-shoulder-risk (season ended early); 10/7: started the 10/6 game at Oklahoma City, 19 min / 11 pts / 2 stl on 4-11 [SINGLE-SOURCE: box score] (ESPN box score); 10/9: started the 10/8 game at Miami, 14 min / 11 pts / 1 reb / 2 ast on 3-8 [SINGLE-SOURCE: box score] (ESPN box score)"
Herbert Jones,NOP,"SG,SF",0.455,9.0,0.810,2.5,1.3,11.5,4.0,2.8,1.8,0.8,1.5,"10/7: started the 10/6 game at Oklahoma City, 20 min / 7 pts [SINGLE-SOURCE: box score] (ESPN box score); 10/9: off the bench in the 10/8 game at Miami, 10 min / 0 pts / 3 reb / 2 ast / 2 stl on 0-0 [SINGLE-SOURCE: box score] (ESPN box score)"
Michael Porter Jr.,BKN,"SF,PF",0.500,14.0,0.770,2.4,2.7,19.5,7.2,2.4,0.7,0.5,1.6,"role 9/30: starter (Yahoo, Fadeaway World); 10/7: started the 10/6 preseason opener at Charlotte, 17 min / 16 pts, 4-6 from three (ESPN box score; NBA.com Starting 5); 10/9: did not play the 10/8 game vs Philadelphia, left wrist soreness, described as precautionary after he played the opener; Clowney started in his place; day-to-day on ESPN's feed with a 10/12 estimate (ESPN game feed; NBC Sports, NetsDaily, Yahoo)"
Cameron Johnson,DEN,"PF,SF",0.475,10.5,0.860,2.5,2.3,14.0,4.0,2.6,0.8,0.4,1.1,"repriced 2026-09-29 to Denver's fourth-option usage: 2025-26 54 GP / 30.5 mpg / 8.8 FGA / 12.2 pts, double figures in 13 of the last 15 (B-Ref, Gazette 9/20); starting SF with DeRozan on the bench (SI Nuggets); 10/7: started the 10/6 game at Utah, 15 min / 10 pts [SINGLE-SOURCE: box score] (ESPN box score)"
Andrew Wiggins,MIA,"PF,SF,SG",0.460,13.5,0.760,3.6,2.0,18.0,4.6,2.7,1.2,0.6,1.7,"role 9/30: starter (SI Heat, NBA.com season preview); 10/9: started the 10/8 game vs New Orleans, 15 min / 13 pts / 2 reb / 0 ast on 4-5 [SINGLE-SOURCE: box score] (ESPN box score)"
Jaden McDaniels,MIN,SF,0.460,10.5,0.810,2.5,1.5,13.0,5.9,2.1,1.3,0.9,1.5,"10/8: started the 10/7 game vs Indiana in Ames, 21 min / 16 pts, 4-6 from three [SINGLE-SOURCE: box score] (ESPN box score)"
Bilal Coulibaly,WAS,"SG,SF",0.430,11.0,0.720,2.8,1.3,13.5,5.2,3.8,1.5,0.8,2.1,"10/9: off the bench in the 10/8 game at New York, 19 min / 2 pts / 5 reb / 1 ast on 1-7 [SINGLE-SOURCE: box score] (ESPN box score)"
Matas Buzelis,CHI,"SF,PF",0.470,11.5,0.780,2.8,1.5,14.5,6.2,2.0,0.8,1.1,1.7,"10/8: started the 10/7 opener vs Phoenix, 26 min / 14 pts / 2 stl / 2 blk, 0-6 from three (ESPN box score; NBA.com Starting 5)"
Jaylen Wells,MEM,"SG,SF",0.450,10.5,0.820,2.2,1.7,12.5,4.2,2.2,0.9,0.4,1.4,"inj-toe-risk (surgery, expected ready); 10/6: started the 10/5 preseason opener, 17 min / 12 pts, 4-6 from three (box score; SI Grizzlies); 10/8: started the 10/7 game vs Orlando, 22 min / 6 pts on 2-10 [SINGLE-SOURCE: box score] (ESPN box score)"
Zaccharie Risacher,DAL,"SF,PF",0.465,11.5,0.730,2.0,1.9,14.0,4.0,1.5,0.8,0.7,1.3,
Ace Bailey,UTA,"PF,SF",0.435,13.0,0.770,3.0,1.8,15.5,5.8,2.2,0.8,0.9,2.1,"role 9/30: fifth-starter competition with Peterson, bench likely (SI Jazz, SLC Dunk 9/29); 10/7: started the 10/6 game vs Denver with Markkanen out, 27 min / 10 pts / 7 reb / 3 ast on 4-12 [SINGLE-SOURCE: box score] (ESPN box score)"
Cedric Coward,MEM,"SG,SF",0.450,13.3,0.844,3.0,1.8,16.3,6.6,3.1,0.7,0.5,1.9,"rookie-proj; 10/8: started the 10/7 game vs Orlando, 22 min / 8 pts / 4 reb / 3 ast [SINGLE-SOURCE: box score] (ESPN box score)"
Nique Clifford,SAC,"SG,SF",0.430,7.8,0.740,1.4,1.1,9.0,3.8,2.4,0.9,0.3,1.4,"second-year wing, rookie projection retired 2026-09-29: 2025-26 75 GP / 28 GS / 25.1 mpg / 8.6 pts / 3.8 reb / 2.4 ast (B-Ref); three-guard bench rotation with Monk and Simmons (SI Kings, Sactown Sports); 10/6: 28 min / 23 pts / 9 reb off the bench in the 10/5 preseason opener, the team's top scorer (box score; Yahoo, SI Kings); 10/9: off the bench in the 10/8 game at the Lakers, 12 min / 4 pts / 2 reb / 6 ast / 2 stl on 2-7 [SINGLE-SOURCE: box score] (ESPN box score)"
Kyshawn George,WAS,"PF,SF,SG",0.420,10.0,0.780,2.0,1.6,11.5,4.6,3.2,1.0,0.7,1.8,"role 9/30: fifth-starter battle with Coulibaly and Tre Johnson (Bullets Forever, Yahoo); 10/9: started the 10/8 game at New York, 22 min / 12 pts / 7 reb / 5 ast / 4 to on 5-11 [SINGLE-SOURCE: box score] (ESPN box score)"
Brandon Miller,CHA,"SF,PF",0.425,17.5,0.870,4.2,3.2,22.5,5.0,4.6,1.1,0.7,2.9,"10/7: out of the 10/6 preseason opener vs Brooklyn, leg bruise, day-to-day on ESPN's feed with a 10/11 estimate; no team statement found [SINGLE-SOURCE: ESPN feed] (ESPN game feed); 10/8: no new item on the leg bruise; next game 10/11 vs Milwaukee; the search returned the May shoulder surgery (ESPN schedule)"
Miles Bridges,PHX,PF,0.460,13.5,0.820,3.3,1.9,17.0,6.0,3.0,0.7,0.4,1.5,"10/8: started the 10/7 game at Chicago and left after 8 min (3 pts) with a right ankle injury from a loose-ball collision with Powell, ruled out for the rest of the game; day-to-day on ESPN's feed with a 10/10 estimate; Ott: Saturday vs San Antonio in play (ESPN game feed; CBS Sports, Arizona Sports, Yahoo, Bright Side of the Sun); 10/9: no new item; day-to-day on ESPN's feed with a 10/10 estimate, Saturday vs San Antonio the named chance (ESPN injuries feed; Arizona Sports 10/7)"
RJ Barrett,TOR,"PF,SF,SG",0.476,14.2,0.711,4.9,1.7,19.1,5.2,3.3,0.7,0.3,1.7,"line re-derived 10/7 (D-CAST-2, first step): rates from his 2025-26 Basketball-Reference line (57 GP, 30.3 min, 19.3 pts / 5.3 reb / 3.3 ast on .491, .717 FT, read 2026-10-07) at 30 minutes as the starter the row already carries (role 9/30: SI Raptors, Yardbarker), FG% and FT% shrunk one-third toward career (.447 / .700); was the 2024-25-based line (5.2 ast, .630 FT); role 9/30: starter in the core five (SI Raptors, Yardbarker)"
Deni Avdija,POR,"PF,SF,SG",0.480,13.0,0.790,4.8,1.7,17.8,7.4,4.2,1.1,0.6,2.7,"10/8: started the 10/7 opener vs Golden State, 21 min / 23 pts (game high) on 9-13, 3-6 from three (ESPN box score; NBC Sports, Eurohoops, Blazer's Edge)"
Shaedon Sharpe,POR,"PG,SG",0.455,12.0,0.790,2.8,1.9,15.0,3.8,2.6,0.8,0.4,1.8,"knee-recovery (torn meniscus 8/24, ~6mo, ret ~late Feb 2027); 10/8: DNP the 10/7 opener; ESPN's feed lists him out, knee surgery, with a 2027-03-02 estimate that is the feed's (ESPN game feed; box score)"
Toumani Camara,POR,"SF,PF",0.460,9.0,0.720,2.0,1.5,11.8,5.9,2.3,1.5,0.7,1.5,"10/8: started the 10/7 preseason opener vs Golden State, 19 min / 5 pts (ESPN box score; Blazer's Edge and Yahoo name the starters)"
Dorian Finney-Smith,ATL,"SF,PF",0.430,7.5,0.760,1.2,1.6,9.5,4.4,1.5,0.7,0.5,1.0,"traded ATL 2026-09-22 (for Hield + Nembhard + cash; a day after Veesaar's torn ACL); reserve PF competing for a rotation spot; 10/9: off the bench in the 10/8 game at San Antonio, 8 min / 2 pts / 1 reb / 0 ast on 1-2 [SINGLE-SOURCE: box score] (ESPN box score)"
Kelly Oubre Jr.,IND,"SF,PF",0.450,12.0,0.750,3.0,1.5,15.0,5.5,1.8,1.2,0.6,1.7,10/8: 10 min / 5 pts off the bench in the 10/7 game at Minnesota [SINGLE-SOURCE: box score] (ESPN box score)
Aaron Nesmith,IND,"SG,SF",0.480,9.5,0.850,2.2,1.9,13.0,4.8,1.5,0.9,0.6,1.1,"10/8: started the 10/7 game at Minnesota, 16 min / 19 pts (team high), 4-6 from three, 4-4 before halftime (ESPN box score; Yahoo, Sofascore)"
Bennedict Mathurin,NOP,"SG,SF",0.460,10.0,0.835,3.9,1.2,13.9,4.5,1.7,0.6,0.3,1.6,"bench-role (NOP rotation reporting 9/9-9/11; sixth-man scoring punch); 10/7: the reprice checkpoint — off the bench in the 10/6 game at Oklahoma City (starters Herbert Jones, Williamson, Murphy, Missi, Dejounte Murray), 17 min, team-high 13 pts on 3-5 / 2-4 from three / 5-5 FT with 2 reb / 5 ast; the bench role the row already carries (ESPN box score; NBA.com Starting 5); one game, WO-5 decides; 10/8: game two tonight at Miami (ESPN schedule); WO-5 decides; 10/9: started on the wing in the 10/8 game at Miami, 14 min / 8 pts on 3-7 / 4 reb, with Fears in the backcourt and Dejounte Murray held out (toe); off the bench in the 10/6 opener; one start in two games, WO-5 decides (ESPN box score; Yahoo, Roundtable, Crescent City Sports)"
Pascal Siakam,IND,"PF,C",0.520,15.8,0.745,4.2,1.5,20.5,7.0,3.5,0.9,0.5,1.8,"role 9/30: starter (Circle City Spin day-one, SI Pacers); 10/8: started the 10/7 game at Minnesota (Ames), 19 min / 10 pts / 2 blk [SINGLE-SOURCE: box score] (ESPN box score)"
Obi Toppin,IND,PF,0.510,9.0,0.780,1.6,1.5,12.5,4.5,1.8,0.6,0.5,1.2,10/8: 11 min / 10 pts off the bench in the 10/7 game at Minnesota [SINGLE-SOURCE: box score] (ESPN box score)
Julius Randle,BKN,PF,0.475,17.0,0.780,6.5,1.6,22.5,8.0,5.5,0.8,0.3,3.2,"role 9/30: starter (Yahoo, Fadeaway World); 10/7: started the 10/6 preseason opener at Charlotte, his first Nets game, 18 min / 13 pts / 3 ast (ESPN box score; NBA.com Starting 5); 10/9: started the 10/8 game vs Philadelphia, 22 min / 14 pts / 6 reb / 2 ast / 2 stl on 4-11 (ESPN box score; NetsDaily, Yahoo, NBC Sports)"
Jonathan Kuminga,MIN,"PF,SF",0.460,13.0,0.680,4.6,1.0,16.0,4.8,2.4,0.9,0.5,1.9,"10/8: started the 10/7 game vs Indiana, 19 min / 2 pts on 1-9 / 3 ast [SINGLE-SOURCE: box score] (ESPN box score)"
Draymond Green,GSW,"PF,C",0.440,7.8,0.690,2.0,1.2,9.2,6.0,5.5,1.4,1.0,2.3,"re-signed 1yr $27.7M (agreed 7/28); 10/7: started the 10/6 game vs the Lakers, 15 min / 3 pts / 8 ast [SINGLE-SOURCE: box score] (ESPN box score); 10/8: held out of the 10/7 game at Portland, the second night of a back-to-back (Yahoo, Golden State of Mind, Press Democrat)"
Jabari Smith Jr.,HOU,"PF,C",0.455,11.5,0.790,2.6,2.0,14.5,7.5,1.5,0.7,0.9,1.3,
Tari Eason,HOU,"PF,SF,SG",0.455,9.5,0.770,1.8,1.4,11.0,6.2,1.6,1.4,0.7,1.3,"repriced 2026-09-29: FG% and stocks to the 2024-26 blend (2025-26 .416 / 1.2 stl / 0.5 blk vs 2024-25 .487 / 1.7 / 0.9 - B-Ref); bench role, minutes trending up, 5yr/$81.5M (The Dream Shake, CBS Sports)"
Dillon Brooks,PHX,"SF,PF",0.435,12.0,0.800,2.4,2.0,15.0,3.5,2.2,0.9,0.4,1.8,"10/8: started the 10/7 game at Chicago, 23 min / 24 pts on 7-9, 7-8 FT, 5 to (ESPN box score; Bright Side of the Sun, Sofascore)"
Quentin Grimes,LAL,"SG,SF",0.460,11.0,0.790,2.5,2.0,14.0,3.5,2.8,1.0,0.3,1.5,"10/7: started the 10/6 game at Golden State, 23 min / 12 pts / 3 ast [SINGLE-SOURCE: box score] (ESPN box score); 10/9: started the 10/8 game vs Sacramento, 29 min / 12 pts / 0 reb / 0 ast / 2 stl / 6 to on 4-8 [SINGLE-SOURCE: box score] (ESPN box score)"
Kyle Kuzma,MIL,"SF,PF",0.450,14.5,0.700,2.9,1.7,17.5,6.2,3.0,0.6,0.4,2.3,"10/8: inactive for the 10/7 game at Oklahoma City with no injury designation after starting the 10/5 opener (1 pt); Ware took his starting spot (Yahoo/Brew Hoop, RotoWire, CBS Sports)"
Bobby Portis,MIA,"PF,C",0.470,8.5,0.810,1.4,1.2,10.5,6.2,1.8,0.6,0.3,1.1,"role 9/30: bench (SI Heat, NBA.com season preview); 10/9: off the bench in the 10/8 game vs New Orleans, 20 min / 11 pts / 6 reb / 2 ast / 2 stl on 4-13 [SINGLE-SOURCE: box score] (ESPN box score)"
Aaron Gordon,DEN,"PF,C",0.535,10.5,0.815,3.5,1.6,15.5,5.0,3.3,0.7,0.5,1.5,"10/7: started the 10/6 game at Utah, 15 min / 18 pts / 5 reb (ESPN box score; NBA.com Starting 5)"
Peyton Watson,CLE,"SF,PF",0.460,10.0,0.760,2.3,1.5,13.0,4.8,1.9,0.8,1.2,1.3,"presumed fifth starter, lineup 'not set' per Atkinson (Yahoo, Hoops Wire, BVM 9/26-29); 10/9: started the 10/8 game vs Boston, 17 min / 7 pts / 4 reb / 4 ast / 2 blk on 2-5 (ESPN box score; Fear The Sword/Yahoo, Hoops Wire)"
Christian Braun,DEN,"PF,SF,SG",0.545,9.8,0.800,2.5,1.1,13.8,4.9,2.6,1.0,0.4,1.1,"repriced 2026-09-29 to the two-season blend (2024-25 15.4 pts / 1.1 3PM on .580; 2025-26 44 GP / 12.0 / 1.0 on .519 - B-Ref); cemented starter, ankle explosiveness back (Gazette 9/28, SI Nuggets); 10/7: started the 10/6 game at Utah, 14 min / 5 pts / 4 reb [SINGLE-SOURCE: box score] (ESPN box score)"
Julian Strawther,DEN,"SG,SF",0.440,9.5,0.800,1.8,1.8,12.0,2.8,1.8,0.7,0.3,1.3,"10/7: 18 min / 15 pts off the bench in the 10/6 game at Utah, three threes (ESPN box score; NBA.com Starting 5)"
Keegan Murray,SAC,"SF,PF",0.450,11.5,0.770,1.7,2.1,13.0,6.8,1.6,0.9,0.8,1.1,"inj-ankle-risk (May scope, expected ready); 10/6: held out of the 10/5 preseason opener as a precaution, no setback reported; next chance 10/8 at the Lakers (Heavy, Yahoo; ESPN schedule); 10/8: no new item before tonight's game at the Lakers (RotoWire, SI Kings); 10/9: ruled out of the 10/8 game at the Lakers, undisclosed, no details from the team; two preseason games missed; day-to-day on ESPN's feed with a 10/10 estimate (Kings availability report via James Ham; Yahoo, RotoWire)"
PJ Washington,DAL,"PF,C",0.470,10.5,0.750,2.6,1.5,13.5,7.2,2.4,1.1,0.9,1.5,"10/9: ruled out of the 10/9 Macao game vs Houston with a left ankle sprain, severity unclear, next chance the 10/11 rematch; day-to-day on ESPN's feed with a 10/11 estimate (ESPN injuries feed; RotoWire, CBS Sports, Athlon)"
Naji Marshall,DAL,"PF,SF,SG",0.480,10.5,0.750,2.6,0.8,13.0,5.0,3.2,1.0,0.3,1.7,"role 9/30: rotation minutes, not a starter (Dallas Sports Journal day-one, SI Mavericks)"
Klay Thompson,MIA,"SG,SF",0.415,10.0,0.850,1.2,2.4,11.5,3.0,1.8,0.7,0.4,1.1,"10/9: started the 10/8 game vs New Orleans, 14 min / 5 pts / 1 reb / 3 ast / 3 blk on 2-7 [SINGLE-SOURCE: box score] (ESPN box score)"
Tim Hardaway Jr.,MIA,"SG,SF",0.420,10.0,0.865,1.5,2.3,12.0,2.8,1.6,0.6,0.2,0.9,"10/9: off the bench in the 10/8 game vs New Orleans, 19 min / 11 pts / 3 reb / 2 ast on 4-8 [SINGLE-SOURCE: box score] (ESPN box score)"
Jaden Hardy,LAL,SG,0.440,9.5,0.810,2.0,1.6,12.0,2.5,2.2,0.7,0.2,1.4,"10/7: 19 min / 13 pts / 5 to off the bench in the 10/6 game at Golden State [SINGLE-SOURCE: box score] (ESPN box score); 10/9: off the bench in the 10/8 game vs Sacramento, 9 min / 6 pts / 0 reb / 0 ast on 1-3 [SINGLE-SOURCE: box score] (ESPN box score)"
Rui Hachimura,LAC,"SF,PF",0.490,10.5,0.770,1.8,1.4,13.5,4.8,1.4,0.7,0.4,1.0,"role 9/30: starter (SI Clippers, Yardbarker)"
Jarred Vanderbilt,LAL,PF,0.520,5.5,0.650,1.4,0.2,7.0,6.5,1.5,1.2,0.6,1.1,"inj-risk; 10/7: 16 min / 2 pts / 5 reb / 3 stl off the bench in the 10/6 game at Golden State [SINGLE-SOURCE: box score] (ESPN box score); 10/9: off the bench in the 10/8 game vs Sacramento, 9 min / 4 pts / 6 reb / 0 ast on 2-2 [SINGLE-SOURCE: box score] (ESPN box score)"
Santi Aldama,DAL,PF,0.480,10.0,0.750,1.8,1.6,12.5,6.8,2.6,0.7,0.7,1.3,"knee-monitor (arthroscopic right-knee surgery; limited in practice at camp open, 9/25-9/27); 10/9: out of or a game-time decision for the 10/9 Macao game, right knee on ESPN's feed (a procedure per China Daily) (ESPN injuries feed; Athlon, Yahoo)"
GG Jackson,MEM,"C,PF,SF",0.440,10.5,0.780,2.4,1.7,13.5,4.5,1.5,0.7,0.5,1.5,"10/8: 14 min / 15 pts / 6 reb, 3-5 from three, off the bench in the 10/7 game vs Orlando [SINGLE-SOURCE: box score] (ESPN box score)"
Isaiah Stewart,MEM,"PF,C",0.500,6.5,0.720,1.8,0.7,9.0,7.0,1.5,0.6,1.1,1.1,"10/8: DNP the 10/7 game vs Orlando after the hard fall in the 10/5 opener (left ankle, out after 2 min); day-to-day on ESPN's feed with a 10/9 estimate (ESPN game feed; Yardbarker 10/6)"
Ausar Thompson,DET,"PF,SF,SG",0.540,9.0,0.660,2.8,0.2,11.0,5.5,2.6,1.7,0.9,1.5,
Ron Holland,DET,"SF,PF",0.470,9.5,0.700,2.6,0.6,12.0,4.5,2.2,1.1,0.5,1.6,"10/6: 24 min / 14 pts / 5 stl / 2 blk off the bench in the 10/5 preseason opener, the Pistons' top scorer (box score; Detroit News)"
Tobias Harris,SAS,PF,0.470,11.0,0.820,2.4,1.2,13.5,5.9,2.2,0.8,0.6,1.2,"role 9/30: fifth-starter battle with Champagnie, matchup-based (Air Alamo, Yahoo); 10/5: left calf strain in camp, out for the preseason, re-evaluated after it, questionable for the 10/20 opener; Johnson: 'we will not push that at all' (NBA.com 10/4, ESPN, KSAT 10/5, Yahoo); 10/7: no new item; the 10/5 NBA.com note (questionable for the opener, left calf strain in camp) stands; first game 10/8 vs Atlanta (NBA.com 10/5); 10/8: out for the whole preseason with the left calf strain, sat the 10/4 scrimmage; Johnson: 'totally questionable' for the 10/20 opener, reassessed after the five exhibitions; Champagnie auditions for the starting spot (KSAT 10/5, RotoBaller, Spectrum News); first game tonight vs Atlanta; 10/9: did not play the 10/8 opener vs Atlanta (left calf strain, out for the preseason, re-evaluated after it; ESPN's feed carries a 10/20 estimate) (ESPN game feed; KSAT 10/5, RotoBaller, Spectrum News); D-1005-1 carried"
Duncan Robinson,DET,"SG,SF",0.435,9.0,0.850,1.6,2.2,12.0,2.6,2.4,0.6,0.2,1.3,starter-watch (DET wing crowd; 3PM specialist)
Caris LeVert,MIL,"SG,SF",0.445,9.0,0.780,2.2,1.3,11.0,3.2,3.2,0.9,0.3,1.5,"10/8: inactive for the 10/7 game at Oklahoma City, no injury designation (Yahoo/Brew Hoop; absent from the ESPN box score)"
De'Andre Hunter,SAC,"SF,PF",0.465,11.0,0.830,2.8,2.0,15.0,4.2,1.6,0.7,0.4,1.3,"inj-eye-risk (retinal surgery Feb); 10/9: started the 10/8 game at the Lakers, 18 min / 3 pts / 4 reb / 0 ast / 2 stl / 5 to on 1-6 [SINGLE-SOURCE: box score] (ESPN box score)"
Max Strus,LAC,"PF,SF",0.440,9.5,0.800,1.4,2.3,12.5,3.8,2.4,0.7,0.3,1.2,"foot-recovery (D-1005-2 default applied 2026-10-06 on the diagnosis: partial tear of the right plantar fascia, re-evaluated in four weeks, out for the rest of the preseason and the start of the season - ESPN, NBA.com, Hoops Rumors, HoopsHype, CBS Sports 10/5-6; re-tag to a risk tier when two outlets report him cleared and playing). Before the injury: fifth-starter candidate among six, on the first unit for the first two camp days (HoopsHype/Lue 10/1, SI Clippers), started the 10/4 opener and left after 5 minutes (box score); 10/8: no new item; the four-week re-evaluation is a checkpoint, not a return date (TSN, RotoBaller, ClutchPoints 10/5-6); exclusion stands"
Sam Merrill,CLE,"SG,SF",0.430,8.0,0.840,1.2,2.2,10.5,2.6,2.0,0.7,0.2,1.0,"10/9: off the bench in the 10/8 game vs Boston, 10 min / 8 pts / 0 reb / 1 ast on 3-4 [SINGLE-SOURCE: box score] (ESPN box score)"
Ochai Agbaji,NYK,"SG,SF",0.470,8.5,0.740,1.4,1.5,10.5,3.8,1.8,0.9,0.5,1.1,"camp-deal (Exhibit 9 non-guaranteed 2026-09-16; five names for ~one NYK spot); 10/9: did not play the 10/8 game vs Washington (coach's decision on the box score); Other Coach's Decision, day-to-day on ESPN's feed with a 2026-10-12 estimate [SINGLE-SOURCE: box score] (ESPN box score)"
Jaime Jaquez Jr.,MIL,"PF,SF,SG",0.475,10.5,0.760,2.8,0.7,13.0,5.0,3.2,1.0,0.3,1.7,"10/8: started the 10/7 game at Oklahoma City, 22 min / 13 pts, 3-7 from three [SINGLE-SOURCE: box score] (ESPN box score)"
Nikola Jovic,MIA,"C,PF",0.455,9.5,0.800,2.0,1.5,12.0,4.5,3.0,0.8,0.4,1.6,"10/9: off the bench in the 10/8 game vs New Orleans, 21 min / 8 pts / 4 reb / 2 ast / 2 stl / 2 blk on 3-8 [SINGLE-SOURCE: box score] (ESPN box score)"
Bogdan Bogdanovic,HOU,"SG,SF",0.435,10.5,0.820,1.6,2.2,13.0,3.2,3.2,1.0,0.3,1.6,
Grayson Allen,CHA,"SG,SF",0.450,9.0,0.830,1.4,2.2,12.0,3.2,2.8,0.8,0.3,1.3,"10/7: started the 10/6 preseason opener vs Brooklyn, 14 min / 13 pts, 3-3 from three (ESPN box score; NBA.com Starting 5)"
Royce O'Neale,CHA,"SF,PF",0.430,8.0,0.790,1.0,2.0,10.0,4.8,2.4,0.8,0.4,1.2,10/7: 17 min / 3 pts / 5 ast / 2 blk off the bench in the 10/6 preseason opener vs Brooklyn [SINGLE-SOURCE: box score] (ESPN box score)
Trayce Jackson-Davis,TOR,"PF,C",0.610,5.5,0.650,1.6,0.0,8.0,6.5,1.8,0.6,1.0,1.1,
Quinten Post,MEM,C,0.450,7.5,0.790,1.2,1.7,9.5,5.0,1.8,0.5,0.6,1.1,"10/6: started at C in the 10/5 preseason opener with Edey held out, 12 min / 8 pts (box score; SI Grizzlies); 10/8: 15 min / 5 pts / 4 ast off the bench in the 10/7 game vs Orlando, Edey started [SINGLE-SOURCE: box score] (ESPN box score)"
Jeremy Sochan,POR,PF,0.535,6.3,0.720,1.9,0.3,8.0,4.5,2.1,0.7,0.4,1.3,"camp-deal non-gtd (agreed 8/1; role repriced to bench minutes 2026-08-13); 10/8: 9 min / 10 pts on 4-6, 2-2 from three, off the bench in the 10/7 opener vs Golden State, all ten in the fourth quarter to close a 90-90 game; competing with Cissoko, Krejci and Potter for the last spots on the non-guaranteed deal (ESPN box score; Yahoo, Golden State of Mind; SI Blazers 9/28 on the roster math); 10/9: no new item; Portland's next game is 10/12 vs the London Lions; the camp battle with Cissoko, Krejci and Potter stands (ESPN schedule; Roundtable 9/28, SI Blazers)"
Corey Kispert,ATL,"SF,SG",0.450,9.0,0.820,1.6,1.9,11.5,3.0,1.8,0.6,0.3,1.1,"10/6: 20 min / 19 pts off the bench in the 10/5 preseason opener, 4-7 from three, the game's top scorer (box score; Fox 5 Atlanta, Yahoo); 10/9: off the bench in the 10/8 game at San Antonio, 21 min / 10 pts / 0 reb / 2 ast on 4-11 [SINGLE-SOURCE: box score] (ESPN box score)"
Gabe Vincent,FA,PG,0.420,7.5,0.820,1.4,1.6,9.5,2.0,2.8,0.8,0.2,1.2,"unsigned free agent — contract expired 2026-06-30 after the deadline trade to Atlanta; on none of ESPN's 30 live rosters (site.api.espn.com, direct check 2026-10-01); turned down a Knicks camp offer, waiting for a guaranteed deal (Yahoo, Heavy, Soaring Down South; Spotrac FA list). The pool carried him on ATL since the February trade — a placement error the fallback evidence file never caught; corrected 2026-10-01; 10/8: still unsigned, no dated item (Heavy, Bleacher Report ranking)"
Dalton Knecht,LAL,"SG,SF",0.450,10.0,0.800,1.6,2.1,13.0,3.2,1.5,0.6,0.3,1.2,10/7: 22 min / 11 pts off the bench in the 10/6 game at Golden State [SINGLE-SOURCE: box score] (ESPN box score)
Tristan da Silva,ORL,"SF,PF",0.450,8.5,0.800,1.6,1.4,10.5,4.2,2.2,0.7,0.3,1.2,"10/8: 25 min / 19 pts (game high), 4-10 from three, 5 reb off the bench in the 10/7 opener at Memphis (ESPN box score; CBS Sports, TalkBasket, Sofascore)"
Tre Mann,WAS,"PG,SG",0.430,10.0,0.810,2.0,1.8,12.5,3.0,4.2,0.9,0.2,1.9,"10/9: off the bench in the 10/8 game at New York, 16 min / 6 pts / 5 reb / 4 ast on 2-6 [SINGLE-SOURCE: box score] (ESPN box score)"
Josh Hart,NYK,"SG,SF",0.520,9.5,0.780,2.6,1.0,13.5,8.0,4.5,1.3,0.3,1.9,"10/9: started the 10/8 game vs Washington, 21 min / 13 pts / 6 reb / 3 ast on 5-8 (ESPN box score; Sofascore, Yahoo)"
Landry Shamet,NYK,SG,0.440,7.0,0.820,1.0,1.7,9.5,2.0,1.5,0.6,0.2,0.8,"10/9: off the bench in the 10/8 game vs Washington, 16 min / 13 pts / 4 reb / 0 ast on 4-7, 3-4 from three (ESPN box score; Sofascore, Yahoo)"
Ziaire Williams,LAL,"SG,SF",0.440,9.0,0.780,2.0,1.5,11.5,4.6,1.8,0.9,0.5,1.4,"10/7: held out of the 10/6 game at Golden State, rest on ESPN's feed (ESPN game feed; Yardbarker, SI Warriors list him among the six ruled out)"
Lauri Markkanen,UTA,"SF,PF",0.455,15.0,0.875,4.4,2.8,19.5,6.2,1.8,0.8,0.5,1.5,"10/7: out for the 10/6 game vs Denver, neck soreness, day-to-day on ESPN's feed with a 10/12 estimate (ESPN game feed; Deseret, Yahoo); 10/8: day-to-day with the neck soreness, expected back for the 10/12 game vs San Antonio (Yardbarker, SI Jazz)"
Jrue Holiday,POR,"PG,SG",0.440,9.5,0.800,1.8,1.8,12.0,3.6,4.5,1.1,0.5,1.7,"10/8: off the bench in the 10/7 opener vs Golden State as flagged pregame, 19 min / 5 pts on 2-8 / 7 reb / 5 ast (ESPN box score; RotoWire, NBC Sports, SI Blazers)"
D'Angelo Russell,FA,PG,0.415,13.5,0.820,2.6,2.6,15.5,3.0,6.2,1.0,0.3,2.5,"out-china (agreed with the Shanghai Sharks 2026-09-30 — HoopsHype, SI Mavericks); waived by MEM 2026-09-25"
Naz Reid,CHA,"PF,C",0.470,11.5,0.780,2.2,2.2,15.0,7.0,2.5,0.8,0.9,1.6,"10/7: started at PF in the 10/6 preseason opener vs Brooklyn, 16 min / 13 pts on 3-9 (ESPN box score; NBA.com Starting 5)"
Brook Lopez,LAC,C,0.460,7.5,0.780,1.2,1.5,9.5,4.0,1.3,0.5,1.4,0.9,"repriced 2026-09-29 to the first Clipper season: 75 GP / 40 GS / 21.8 mpg / 8.5 pts / 3.6 reb / 1.2 blk at 37 (B-Ref); one of two healthy centers with Isaiah Jackson, likely starter at 38 (SI Clippers, NBA.com preview, Clipperholics); 10/2, second pull: on the second group for the first two camp days behind Isaiah Jackson; Lue says it will change (HoopsHype/Lue 10/1, SI Clippers, Clipperholics); line holds for the WO-5 refresh; 10/5: 7 minutes off the bench in the 10/4 preseason opener (0-4), Isaiah Jackson started (box score; Hoops Rumors Clippers Notes 10/5)"
Donte DiVincenzo,MIN,"SG,SF",0.435,12.0,0.800,1.6,2.8,14.5,4.0,3.5,1.2,0.2,1.6,"achilles-recovery (return late 2026-27 at best); 10/8: out, Achilles surgery, on ESPN's feed with a 2027-04-01 estimate that is the feed's; 'remains confident he will return during 2026-27' per The Athletic (ESPN injuries feed 10/5; The Athletic via the feed); exclusion stands"
Jordan Clarkson,NYK,"SG,SF",0.440,11.0,0.800,2.2,1.8,13.5,3.0,3.5,0.7,0.2,1.7,"10/9: off the bench in the 10/8 game vs Washington, 9 min / 7 pts / 0 reb / 0 ast on 3-5 [SINGLE-SOURCE: box score] (ESPN box score)"
Bradley Beal,LAC,"SF,SG",0.475,10.0,0.810,2.0,1.6,13.0,3.0,3.2,0.9,0.4,1.6,"inj-hip-risk (6 games 2025-26; re-signed LAC 2yr/$13.2M 2026-08-13; right knee inflammation, misses the start of camp per the 9/28 media day — Hoops Rumors, SI); 10/2: hip '95% there', right-knee inflammation keeps him out of the camp start, the 10/4 preseason opener in doubt, regular season not in serious danger (RotoWire, HoopsHype/Law Murray, SI Clippers); 10/5: did not play the 10/4 preseason opener (knee, day-to-day on ESPN's feed; box score; Yahoo, Hoops Rumors Clippers Notes); 10/6: still out, right knee inflammation (Hoops Rumors Clippers Notes, Yahoo); 10/8: no new item; the search returned the November 2025 hip fracture and the May 2025 knee scope (garble logged)"
Marcus Smart,HOU,"PG,SG",0.410,9.0,0.760,1.8,1.5,10.5,2.5,4.0,1.5,0.3,1.8,inj-risk
Al Horford,GSW,"C,PF",0.465,7.5,0.800,1.0,1.7,9.5,5.5,2.0,0.6,0.9,0.9,"10/7: held out of the 10/6 game vs the Lakers, rest on ESPN's feed; Santos started in his place with Lendeborg at PF (ESPN game feed; box score); 10/8: held out of the 10/7 game at Portland too, rest on ESPN's feed with a 10/10 estimate (ESPN game feed; Yahoo, Golden State of Mind)"
John Collins,DET,"PF,C",0.500,10.5,0.800,2.6,1.2,14.0,7.0,2.0,0.7,0.8,1.3,
AJ Dybantsa,WAS,SF,0.455,16.5,0.780,6.5,1.9,20.5,5.5,3.0,1.1,0.6,2.8,"rookie-proj; projected starter (Bullets Forever, Washington Post 9/30); Yahoo rookie targets 9/30 agrees: starting group with Young and George at Keefe's pace; 10/9: started the 10/8 game at New York, 23 min / 11 pts / 2 reb / 2 ast / 4 stl on 5-11 (ESPN box score; Bullets Forever/Yahoo, Sportando, TalkBasket)"
Darryn Peterson,UTA,SG,0.440,14.5,0.810,4.3,1.8,18.2,4.1,3.8,1.2,0.5,2.6,"rookie-proj; role 9/30: camp day-one first unit in purple with George, Markkanen, Jackson Jr. and Nurkić (Yahoo rookie targets, Yahoo camp footage); the fifth spot is contested with Bailey, Sensabaugh and Mykhailiuk (Hoops Rumors Jazz Notes); repriced 2026-09-30 from 28 to 30 minutes on the same per-minute line, kit twin; 10/7: started the 10/6 game vs Denver, 30 min (team high), 23 pts on 10-18 / 1-6 from three with 3 reb / 3 ast, the game high (ESPN box score; NBA.com Starting 5; KSL, Deseret, Salt Lake Tribune 10/6)"
Cameron Boozer,MEM,PF,0.500,14.5,0.780,5.0,1.2,18.5,9.5,3.8,1.1,0.8,2.4,"rookie-proj; role 9/30: starting PF next to Edey, the primary option and offensive hub per Iisalo (Yahoo rookie targets, SI Grizzlies); deck line set 2026-09-30 to the kit's 32-minute starter line; 10/6: started the 10/5 preseason opener, 18 min / 11 pts / 5 reb / 4 ast / 2 stl (box score; SI Grizzlies, Yahoo); 10/8: started the 10/7 game vs Orlando, 22 min / 16 pts / 6 reb (the team high on the glass) on 4-7 with 6-7 FT (ESPN box score; Yahoo, SI Grizzlies)"
Caleb Wilson,CHI,PF,0.490,11.8,0.700,3.8,0.6,14.5,8.0,2.1,1.1,1.4,2.0,"rookie-proj; role 9/30: starting frontcourt with Claxton and Buzelis, Patrick Williams to the bench (Yahoo rookie targets, Heavy, Sun-Times); repriced 2026-09-30 from 28 to 30 minutes, kit twin; 10/8: started at PF in the 10/7 opener vs Phoenix, 29 min (team high) / 15 pts on 6-15, 0-4 from three / 3 reb / 2 ast (ESPN box score; Bleacher Report, SI Bulls, Yahoo/Tribune)"
Mikel Brown Jr.,BKN,PG,0.410,11.5,0.800,2.4,1.7,12.7,3.0,4.8,1.0,0.2,2.3,"rookie-proj; role 9/30: starting point guard next to Dёmin (Yahoo rookie targets, ClutchPoints); left ankle sprain in camp, not expected to miss considerable time per Marks (Yahoo); repriced 2026-09-30 from 24 to 29 minutes, kit twin; 10/2: rolled an ankle before camp, back on the floor shooting, likely misses the 10/6 preseason opener; Marks does not expect him to miss considerable time (NetsDaily, Yahoo, ClutchPoints); 10/2, second pull: not yet cleared for contact, no timetable, light on-court work only (RotoWire, Yahoo/NetsDaily); 10/5: began taking contact in practice; out for the 10/6 preseason opener, next chance 10/8 (RotoWire 10/5, Hoops Rumors Nets Notes); 10/6: out for the 10/6 opener; Fernandez expects him to play at some point in the preseason, now in contact drills (ClutchPoints, Yahoo); 10/7: out of the 10/6 preseason opener at Charlotte, ankle, day-to-day on ESPN's feed with a 10/8 estimate; Demin started at PG (ESPN game feed; ClutchPoints 10/6); 10/8: no new item before tonight's game vs Philadelphia; some contact work added 10/4, ruled out 10/6, expected to play at some point in the preseason per Fernandez (RotoBaller, Roundtable, ClutchPoints); 10/9: did not play the 10/8 game vs Philadelphia, the left ankle, non-contact work per NetsDaily; day-to-day on ESPN's feed with a 10/12 estimate (ESPN game feed; NetsDaily, NBC Sports)"
Darius Acuff Jr.,SAC,PG,0.430,13.4,0.820,3.3,2.1,16.7,3.1,5.0,1.0,0.2,2.6,"rookie-proj; role 9/30: starting point guard, the Simmons logistics to sort in camp (Yahoo rookie targets, CBS Sports 'projected to start', Sactown Sports); repriced 2026-09-30 from 26 to 29 minutes, kit twin; 10/6: started the 10/5 preseason opener at PG and played 27 min, the most of any Kings starter (Sabonis 10, LaVine 15, Hunter 13, Achiuwa 13), 19 pts on 8-17 / 1-4 / 2-2 with 2 reb / 4 ast / 1 stl / 1 blk / 5 to, 17 of the 19 in his first 19 minutes; Christie: 'his poise is at a really high level' (box score; Yahoo, Sactown Sports, SI Kings); line held at 29 min pending WO-5 after game two on 10/8 (D-1006-1); 10/8: game two tonight at the Lakers (ESPN schedule); D-1006-1's checkpoint; 10/9: started at PG again in the 10/8 game at the Lakers, 23 min / 12 pts on 4-15, 2-7 from three / 1 ast / 3 to; two starts in two games; D-1006-1 (a) puts the line on the WO-5 pass (ESPN box score; Yahoo, Sactown Sports)"
Jerami Grant,MEM,"SF,PF",0.450,12.5,0.830,4.5,1.9,16.5,4.5,2.5,0.9,0.7,1.6,"10/6: 14 min / 10 pts off the bench in the 10/5 preseason opener, Boozer and Coward started (box score; SI Grizzlies); 10/8: 20 min / 3 pts off the bench in the 10/7 game vs Orlando [SINGLE-SOURCE: box score] (ESPN box score)"
Yaxel Lendeborg,GSW,PF,0.520,9.7,0.740,2.7,0.9,12.9,7.5,2.7,1.1,0.9,1.5,"rookie-proj; role 9/30: Kerr — 'clearly going to play a ton', starter or not (Yahoo rookie targets, NBA.com media day); Porziņģis out indefinitely with an undisclosed health issue (CBS Sports, SI Warriors); repriced 2026-09-30 from 26 to 28 minutes, kit twin; 10/2, second pull: named the starter at SF for the 10/4 preseason opener vs the Clippers (Curry, Podziemski, Lendeborg, Green, Horford) over Gui Santos; Kerr: only Curry and Green are entrenched regular-season starters (SI Warriors, Yahoo, Heavy, Golden State of Mind); line holds for the WO-5 refresh; 10/5: started the 10/4 preseason opener at SF, 19 min, 4 pts / 9 reb / 3 ast on 1-6; Kerr wants him more aggressive (box score; NBC Sports Bay Area, Yahoo recap); 10/7: started again at the 10/6 game vs the Lakers (Green, Santos, Lendeborg, Curry, Podziemski), 21 min, 17 pts on 7-11 / 2-3 from three / 1-2 FT with 9 reb / 2 ast / 1 blk / 2 to, the team's top scorer; NBC Sports Bay Area: 'dominates in Chase Center debut' (ESPN box score; NBA.com Starting 5 10/7; NBC Sports Bay Area 10/6); two starts in two games, Horford held out (rest); line holds at 28 min pending WO-5 (D-1007-1 on the owner's sheet); 10/8: held out of the 10/7 game at Portland with the regulars, the second night of a back-to-back, so the count stays at two starts in two games; next game 10/10 vs Sacramento (Yahoo, Golden State of Mind, Roundtable)"
Alex Caruso,OKC,"SG,SF",0.450,6.5,0.780,1.5,1.3,8.5,3.0,3.0,1.6,0.5,1.1,"10/7: held out of the 10/6 game vs New Orleans, rest on ESPN's feed (ESPN game feed; Yahoo); 10/8: started the 10/7 game vs Milwaukee, 17 min / 12 pts, 4-6 from three [SINGLE-SOURCE: box score] (ESPN box score)"
Kyle Filipowski,UTA,"C,PF",0.500,11.5,0.720,3.0,1.3,15.0,8.5,2.8,0.7,0.7,1.7,"10/5: DNP the 10/4 preseason opener, coach's decision on the box score (ESPN); a lower-back issue per one outlet ([SINGLE-SOURCE: Yahoo]); 10/7: DNP the 10/6 game too, back, day-to-day on ESPN's feed with a 10/12 estimate (ESPN game feed; Deseret/Yahoo list him among the four sidelined); 10/8: no return date; sat the 10/5 practice and the 10/6 game with the back; Nurkic's four-week absence points more minutes his way once he plays (Yardbarker, CBS Sports)"
Jared McCain,OKC,"PG,SG",0.450,12.5,0.860,2.5,2.4,16.0,3.0,3.5,0.8,0.2,1.7,"10/7: started the 10/6 game vs New Orleans with the regulars held out, 16 min / 12 pts, 4-8 from three [SINGLE-SOURCE: box score] (ESPN box score); 10/8: 17 min / 11 pts, 3-6 from three, off the bench in the 10/7 game vs Milwaukee [SINGLE-SOURCE: box score] (ESPN box score)"
Ayo Dosunmu,MIN,"PG,SG",0.490,10.0,0.800,2.0,1.3,12.5,3.5,4.0,1.0,0.3,1.5,"role 9/30: bench, majority of minutes (Star Tribune, Dunking with Wolves); 10/8: 17 min / 10 pts / 3 ast off the bench in the 10/7 game vs Indiana [SINGLE-SOURCE: box score] (ESPN box score)"
Luguentz Dort,ATL,"SG,SF",0.440,9.0,0.780,2.0,2.0,11.5,4.0,1.6,1.1,0.4,0.9,"10/6: out for the 10/5 preseason opener (right knee contusion), next chance 10/8 at San Antonio (RotoWire, CBS Sports); 10/8: game-time decision on ESPN's injury page for tonight at San Antonio, the right knee contusion (ESPN injuries page; SI Hawks); 10/9: did not play the 10/8 game at San Antonio (coach's decision on the box score); Right Leg Knee Bruise, day-to-day on ESPN's feed with a 2026-10-10 estimate [SINGLE-SOURCE: box score] (ESPN box score)"
Derik Queen,NOP,"C,PF",0.520,9.5,0.720,3.0,0.3,12.5,8.0,2.8,0.9,0.8,1.9,"role 9/30: bench unit with Mathurin, Bey and Fears (SI Pelicans, Pelican Debrief); 10/7: 17 min / 10 pts / 9 reb / 3 stl off the bench in the 10/6 game at Oklahoma City, Missi started (ESPN box score; NBA.com Starting 5); 10/9: off the bench in the 10/8 game at Miami, 16 min / 5 pts / 8 reb / 1 ast / 5 to on 2-3 [SINGLE-SOURCE: box score] (ESPN box score)"
Moussa Diabate,CHA,C,0.600,6.0,0.650,2.5,0.0,8.5,8.5,1.2,0.8,1.0,1.0,"role 9/30: incumbent starting center vs rookie Steinbach (SI Hornets, QC News/Yahoo); 10/7: started at C in the 10/6 preseason opener vs Brooklyn, 20 min / 4 pts / 4 reb / 2 stl / 2 blk / 4 to; Steinbach 14 min off the bench [SINGLE-SOURCE: box score] (ESPN box score); one game, WO-5 decides; 10/8: no new item; next game 10/11 vs Milwaukee (ESPN schedule)"
Derrick Jones Jr,LAC,"SF,PF",0.520,7.5,0.720,2.0,1.0,10.0,4.0,1.2,1.0,0.7,0.9,
Khris Middleton,WAS,"SF,PF",0.440,9.5,0.850,2.0,1.5,11.5,4.0,3.5,0.8,0.2,1.5,"10/9: did not play the 10/8 game at New York (coach's decision on the box score); Other Rest, day-to-day on ESPN's feed with a 2026-10-10 estimate [SINGLE-SOURCE: box score] (ESPN box score)"
Taylor Hendricks,MEM,PF,0.470,8.0,0.750,2.0,1.1,10.5,5.5,1.2,0.7,0.9,0.9,10/8: 11 min / 12 pts on 5-7 off the bench in the 10/7 game vs Orlando [SINGLE-SOURCE: box score] (ESPN box score)
Rob Dillingham,FA,"PG,SG",0.450,10.5,0.820,2.0,1.6,13.0,2.5,5.0,1.0,0.1,2.0,"out-unsigned (D-CAST-1, owner 2026-10-07: unsigned free agent after camp opened, excluded from every board until two outlets report a signing; on his 2025-26 line he grades a bench-guard line no team has offered a role for; unsigned per RotoBaller, Saturday Down South and the Basketball-Reference ledger, 2026-10-07); was: waived by CHA 2026-09-28, two days after the Hield trade (Yahoo, NBC Sports, Hoops Rumors, HoopsHype); unsigned free agent — destination discount on the card; cleared waivers, unrestricted free agent 9/30 (Hoops Rumors, Yardbarker); 10/7: still unsigned; RotoBaller dates the waiver 9/29 where the Basketball-Reference ledger says 9/28 (ledger read directly; RotoBaller, Saturday Down South); 10/8: still unsigned, no dated item (Spotrac, RotoBaller); 10/9: still unsigned, no dated item; the ledger's newest block (10/7) carries no signing (ledger read directly; Spotrac)"
Terrence Shannon Jr,MIN,"SF,SG",0.470,9.5,0.780,3.0,1.2,13.0,4.0,2.5,0.9,0.3,1.3,
Kasparas Jakucionis,MIL,PG,0.430,11.0,0.800,3.0,1.5,13.5,3.5,6.0,1.0,0.2,2.6,10/8: 18 min / 10 pts / 4 reb / 4 ast off the bench in the 10/7 game at Oklahoma City [SINGLE-SOURCE: box score] (ESPN box score)
Hannes Steinbach,CHA,C,0.550,8.0,0.700,3.0,0.3,10.5,8.0,1.5,0.6,0.9,1.5,"rookie-proj; role 9/30: starting-center battle with Diabaté — Yahoo's rookie piece calls the job his to lose, SI Hornets and ESPN's depth chart lean Diabaté with Steinbach off the bench; line unchanged; 10/7: off the bench in the 10/6 preseason opener vs Brooklyn, 14 min / 7 pts / 4 reb; Diabaté started [SINGLE-SOURCE: box score] (ESPN box score); one game, WO-5 decides; 10/8: no new item; Charlotte's next game 10/11 vs Milwaukee (ESPN schedule)"
Jalen Wilson,ATL,SF,0.430,4.5,0.800,1.2,0.7,5.5,2.2,1.0,0.3,0.1,0.6,"two-way; 10/9: off the bench in the 10/8 game at San Antonio, 14 min / 2 pts / 1 reb / 1 ast on 1-3 [SINGLE-SOURCE: box score] (ESPN box score)"
Davion Mitchell,MIA,PG,0.480,7.8,0.650,1.0,1.3,9.8,2.7,6.3,1.0,0.2,1.5,"starting-PG role next to Giannis and Bam (NBA.com season preview, SI Heat, Last Word 9/29); repriced 2026-09-30 to the 2025-26 B-Ref line (70/70 starts, 28.6 mpg, 9.3 pts / 6.5 ast / 39% 3PT / .646 FT); 10/9: started the 10/8 game vs New Orleans, 20 min / 9 pts / 1 reb / 7 ast on 4-6 [SINGLE-SOURCE: box score] (ESPN box score)"
Keldon Johnson,SAS,"PF,SF",0.480,10.0,0.780,2.5,1.2,13.0,5.5,1.5,0.7,0.3,1.2,"10/9: off the bench in the 10/8 game vs Atlanta, 19 min / 3 pts / 7 reb / 2 ast on 0-2 [SINGLE-SOURCE: box score] (ESPN box score)"
Sam Hauser,BOS,"SF,PF",0.450,7.5,0.850,1.0,2.4,9.5,3.5,1.5,0.5,0.3,0.7,"10/9: did not play the 10/8 opener at Cleveland (rest on ESPN's feed) (ESPN game feed; CelticsBlog, NBC Sports Boston)"
Ty Jerome,MEM,"SG,PG",0.46,12.5,0.875,2.2,2.4,16.5,2.8,4.8,1.0,0.2,1.9,"10/6: started at PG in the 10/5 preseason opener, 15 min / 12 pts / 5 ast, Pippen Jr. 16 min off the bench (box score; SI Grizzlies); one game, WO-5 decides; 10/8: started at PG again in the 10/7 game vs Orlando, 19 min / 17 pts (team high) / 4 ast on 7-14; Pippen Jr. 14 min off the bench; two starts in two games, WO-5 decides (ESPN box score; Yahoo, SI Grizzlies)"
Sandro Mamukelashvili,LAL,"PF,C",0.517,9.8,0.749,2.3,1.9,13.7,6.2,2.1,0.9,0.6,1.0,"10/7: started at C in the 10/6 game at Golden State with Kessler out, 18 min / 15 pts, 3-4 from three (ESPN box score; NBA.com Starting 5); 10/9: off the bench in the 10/8 game vs Sacramento, 21 min / 19 pts / 3 reb / 4 ast on 7-10, 3-6 from three (ESPN box score; Yahoo, Sactown Sports, IBTimes)"
Collin Murray-Boyles,TOR,"PF,C",0.555,7.0,0.7,2.5,0.4,9.5,5.4,2.1,0.9,0.9,1.4,
Ajay Mitchell,OKC,"PG,SG",0.475,10.0,0.865,2.3,1.2,13.0,3.2,3.6,1.0,0.3,1.5,"10/7: started the 10/6 game vs New Orleans with the regulars held out, 18 min / 11 pts / 4 ast [SINGLE-SOURCE: box score] (ESPN box score); 10/8: 17 min / 3 pts / 5 ast / 4 to off the bench in the 10/7 game vs Milwaukee [SINGLE-SOURCE: box score] (ESPN box score)"
Saddiq Bey,NOP,"PF,SF",0.45,13.5,0.84,2.6,2.4,17.0,5.5,2.5,0.9,0.4,1.5,"10/7: 20 min / 5 pts off the bench in the 10/6 game at Oklahoma City [SINGLE-SOURCE: box score] (ESPN box score); 10/9: off the bench in the 10/8 game at Miami, 17 min / 12 pts / 5 reb / 0 ast on 3-7 [SINGLE-SOURCE: box score] (ESPN box score)"
Maxime Raynaud,SAC,C,0.555,7.5,0.72,1.6,1.0,9.5,6.0,1.2,0.5,0.6,1.3,"10/6: 24 min / 12 pts / 8 reb off the bench in the 10/5 preseason opener, in the first group off the bench with Cardwell (box score; SI Kings); 10/9: started the 10/8 game at the Lakers, 24 min / 13 pts / 10 reb / 2 ast / 2 blk / 4 to on 5-8 [SINGLE-SOURCE: box score] (ESPN box score)"
Collin Gillespie,PHX,"PG,SG",0.418,10.5,0.875,1.6,2.8,12.5,4.0,4.6,1.2,0.2,1.6,"10/8: 14 min / 12 pts, 3-6 from three, off the bench in the 10/7 game at Chicago [SINGLE-SOURCE: box score] (ESPN box score)"
Paul Reed,DET,"C,PF",0.6,5.5,0.68,1.8,0.1,7.5,4.5,1.2,0.9,0.9,0.9,"10/6: started at C in the 10/5 preseason opener with Duren out, 21 min / 10 pts / 7 reb (box score; Detroit News)"
Keaton Wagler,LAC,SG,0.430,13.5,0.820,3.5,2.3,16.5,3.8,3.8,0.9,0.3,2.4,rookie (No. 5 pick; projected opening-night starter)
Adem Bona,PHI,C,0.630,4.0,0.630,2.4,0.0,5.5,4.8,0.9,0.6,1.3,0.9,"foot-sprain-monitor (left foot sprain 9/17 FIBA; back within ~2 wks of camp); 10/2: re-evaluation in the next few days, Nurse 'hopeful' he plays part of the preseason (Liberty Ballers, Metro Philadelphia); 10/5: not yet cleared, out for the 10/5 preseason opener; Nurse optimistic for a couple of preseason games (RotoWire, CBS Sports); 10/6: still not cleared, DNP the 10/5 opener; Hukporti, the other backup-C candidate, left that game with a right Achilles injury, imaging Tuesday (Inquirer, Hoops Rumors), a tear reported ([SINGLE-SOURCE: PhillyVoice]); 10/7: Hukporti's right Achilles tear is confirmed season-ending (NBA.com 10/6, Yahoo, PhillyVoice), leaving Bona the backup-C path once cleared; no Bona update in the window; 10/8: no new item before tonight's game at Brooklyn; the September items only (Eurohoops, NBC Sports Philadelphia, Inquirer)"
Julian Champagnie,SAS,"SF,PF",0.440,8.0,0.830,1.4,2.1,10.5,4.3,1.5,0.9,0.4,0.9,"bench-role (behind Tobias Harris; 3yr commitment); 10/9: started the 10/8 game vs Atlanta, 18 min / 10 pts / 0 reb / 1 ast on 4-6 [SINGLE-SOURCE: box score] (ESPN box score)"
Allen Graves,TOR,PF,0.450,5.5,0.780,1.2,1.2,7.0,4.2,1.2,0.7,0.6,0.8,rookie (No. 19 pick; second unit)
Tre Jones,CHI,"PG,SG",0.475,10.0,0.815,2.6,0.9,12.5,3.3,5.0,1.1,0.2,1.4,"backup-role (CHI primary backup PG; live-drafted in mock-51 while poolless); 10/8: DNP the 10/7 opener vs Phoenix, left hip soreness, day-to-day on ESPN's feed with a 10/9 estimate (ESPN game feed; SI Bulls)"
Robert Williams III,POR,C,0.691,4.2,0.660,0.9,0.1,6.5,6.8,1.0,0.6,1.5,0.8,inj-risk (chronic availability; deep POR C rotation); 10/8: 14 min / 8 pts / 5 reb / 5 blk off the bench in the 10/7 opener vs Golden State [SINGLE-SOURCE: box score] (ESPN box score)
AJ Green,MIL,"PG,SG,SF",0.440,8.0,0.850,1.0,2.5,10.5,2.5,1.5,0.5,0.2,0.6,"10/8: inactive for the 10/7 game at Oklahoma City, no injury designation (Yahoo/Brew Hoop; absent from the ESPN box score)"
Joan Beringer,MIN,"C,PF",0.610,4.5,0.640,1.8,0.0,6.0,5.0,0.8,0.5,1.4,0.9,bench-role (primary backup C behind Gobert post-Reid); 10/8: 19 min / 2 pts / 8 reb off the bench in the 10/7 game vs Indiana [SINGLE-SOURCE: box score] (ESPN box score)
Isaiah Joe,DET,"SG,SF",0.435,8.5,0.880,1.6,2.8,11.5,2.6,1.4,0.7,0.2,0.8,bench-role (DET second shooter next to Robinson)
Jay Huff,IND,C,0.520,5.5,0.780,1.2,1.3,7.5,3.8,0.8,0.4,1.3,0.7,bench-role (backup C behind Zubac); 10/8: 17 min / 16 pts / 4 reb / 4 ast off the bench in the 10/7 game at Minnesota [SINGLE-SOURCE: box score] (ESPN box score)
Bronny James,LAL,"PG,SG",0.375,1.9,0.818,0.2,0.3,1.9,0.4,0.8,0.3,0.1,0.4,"starter-watch (deep bench guard; guaranteed salary, not starting; more addi); 10/7: started at PG in the 10/6 game at Golden State with Doncic, Reaves and Sexton out, 21 min / 4 pts / 5 ast / 3 to [SINGLE-SOURCE: box score] (ESPN box score); 10/9: off the bench in the 10/8 game vs Sacramento, 22 min / 4 pts / 4 reb / 6 ast / 4 to on 1-3 [SINGLE-SOURCE: box score] (ESPN box score)"
Aday Mara,OKC,C,0.563,3.4,0.575,1.4,0.0,4.7,2.6,0.9,0.1,1.0,0.7,"rookie-proj (No. 12 pick; backup-C battle with Jaylin Williams); 10/7: started at C in the 10/6 game vs New Orleans with the regulars held out, 18 min / 12 pts on 5-5 / 9 reb / 3 blk (ESPN box score; NBA.com Starting 5); 10/8: started at C again in the 10/7 game vs Milwaukee with Holmgren, Hartenstein and Jaylin Williams out, 25 min / 22 pts on 10-10 / 6 reb / 1 blk, the lone starter left on the floor after halftime (ESPN box score; CBS Sports, NBC Sports, RotoBaller, Daily Thunder)"
Luke Kennard,PHX,"SG,SF",0.505,6.7,0.901,1.0,1.8,9.5,2.8,3.0,0.8,0.1,1.1,bench-role (core rotation shooter filling the Grayson Allen / Royce O'Ne); 10/8: 13 min / 8 pts / 4 ast off the bench in the 10/7 game at Chicago [SINGLE-SOURCE: box score] (ESPN box score)
Johni Broome,MIL,C,0.500,3.2,0.650,0.8,0.2,3.8,2.8,0.5,0.4,0.4,0.5,"rookie-proj (waived by LAC 2026-09-24; unsigned free agent); signed MIL 2026-10-06 (reported Exhibit 10, competing for a roster spot; John Butler Jr. waived to make room - RotoWire, CBS Sports, Hoops Rumors, Yahoo, Heavy 10/6); not yet on ESPN's roster feed at the 10/6 direct check, exempted by name until it lists him; 10/8: now on ESPN's Milwaukee roster feed at the 10/8 direct-complete check (21 names), the by-name exemption ends; DNP the 10/7 game at Oklahoma City, coach's decision; the Basketball-Reference ledger lists the 10/5 signing as an Exhibit 10 contract, terms otherwise unannounced [SINGLE-SOURCE: B-Ref ledger] (ESPN roster feed; box score; Hoops Rumors and Yardbarker on the unannounced terms)"
Aaron Wiggins,ATL,"SG,SF",0.463,8.9,0.795,1.2,1.6,10.7,3.5,1.7,0.9,0.3,1.1,"bench-role (acquired from OKC July 6 2026 for two seconds; bench wing (1); 10/9: started the 10/8 game at San Antonio, 24 min / 10 pts / 2 reb / 4 ast / 2 blk on 2-8 [SINGLE-SOURCE: box score] (ESPN box score)"
Brayden Burries,MIL,SG,0.466,8.0,0.814,2.6,1.2,10.7,2.9,1.5,0.9,0.1,0.9,"rookie-proj (No. 10 pick; rotation assured post-Giannis); 10/6: 16 min / 7 pts / 5 ast / 2 stl off the bench in the 10/5 preseason opener (box score; Brew Hoop); 10/8: 21 min / 16 pts / 5 reb / 2 stl off the bench in the 10/7 game at Oklahoma City, on the floor for the comeback finish (ESPN box score; Yahoo/Brew Hoop, ClutchPoints)"
Daniss Jenkins,DET,"PG,SG",0.406,7.9,0.821,2.2,1.0,9.3,2.3,3.8,0.8,0.2,1.6,"bench-role (rotation guard, team option exercised; 72 GP, 9.3 pts / 3.9)"
Oso Ighodaro,PHX,C,0.635,4.0,0.494,1.2,0.0,5.6,4.5,1.9,0.7,0.7,1.1,"bench-role (backup C behind Mark Williams (Maluach also in the room); 82); 10/6: started at C in the 10/5 preseason opener (Mark Williams out), 14 min / 3 pts / 5 reb; Maluach 17 min off the bench (box score; Bright Side of the Sun); 10/8: started at C again in the 10/7 game at Chicago, 18 min / 8 pts; Maluach 25 min off the bench [SINGLE-SOURCE: box score] (ESPN box score); two games, WO-5 decides"
Scotty Pippen Jr.,MEM,PG,0.475,8.8,0.720,2.5,1.3,11.4,3.6,5.1,1.5,0.5,2.1,"starter-watch (competing with Ty Jerome for starting PG after Morant->POR;); 10/6: off the bench in the 10/5 preseason opener, 16 min / 10 pts / 4 ast, Jerome started (box score; SI Grizzlies); 10/8: 14 min / 1 pt / 3 stl off the bench in the 10/7 game vs Orlando, Jerome started again; two games, WO-5 decides (ESPN box score; Yahoo, SI Grizzlies)"
Miles McBride,NYK,"PG,SG",0.414,8.4,0.800,1.0,2.1,9.8,2.3,2.6,0.9,0.3,0.7,"bench-role (bench two-way guard, 12.0 pts / 2.6 ast last season; final c); 10/9: off the bench in the 10/8 game vs Washington, 16 min / 6 pts / 2 reb / 0 ast on 2-7 [SINGLE-SOURCE: box score] (ESPN box score)"
T.J. McConnell,IND,PG,0.528,8.0,0.771,0.8,0.2,9.3,2.4,4.7,1.0,0.2,1.2,"rookie-proj (primary backup PG behind Haliburton; rookie Braden Smith com); 10/8: did not dress for the 10/7 game at Minnesota; ESPN's feed carries 'undisclosed, day-to-day' with a 10/10 estimate; sat the 10/4 FanJam scrimmage for an unnamed 'physical' reason [SINGLE-SOURCE: ESPN feed] (ESPN game feed; Yardbarker on the scrimmage)"
Jalen Smith,CHI,"PF,C",0.474,7.6,0.771,1.7,1.4,9.9,6.7,1.2,0.3,0.8,0.9,"starter-watch (backup C behind Claxton (calf); 12.1/7.1 in 24.6 mpg as a st); 10/8: started at C in the 10/7 preseason opener vs Phoenix with Claxton and Collins out, 20 min / 13 pts / 8 reb / 2 stl (ESPN box score; Hoops Rumors and Yahoo on the fill-in role)"
Kris Dunn,LAC,"PG,SG",0.457,5.5,0.734,0.6,1.0,6.5,3.1,3.0,1.6,0.3,1.1,starter-watch (starter last season (68 starts) at risk from Wagler; defensi)
Max Christie,DAL,"SG,SF",0.435,8.4,0.878,1.9,1.9,10.7,3.2,1.9,0.7,0.4,1.2,"starter-watch (projected starting SG (only natural SG); 12.3 ppg, 40.4% 3P,)"
Ryan Kalkbrenner,CHA,C,0.753,3.3,0.717,1.3,0.0,5.8,4.2,0.6,0.3,1.1,0.7,"rookie-proj (rotational C battling Naz Reid / Diabate / Steinbach; 1.5 bl); 10/7: 15 min / 2 pts off the bench in the 10/6 preseason opener vs Brooklyn, third center behind Diabaté and Steinbach [SINGLE-SOURCE: box score] (ESPN box score)"
Noah Clowney,BKN,"PF,C",0.382,7.2,0.813,2.2,1.6,8.8,3.2,1.1,0.5,0.5,1.1,"rookie-proj (primary backup PF (Randle + rookie Joshua Jefferson ahead);); 10/7: 19 min / 7 pts / 2 stl off the bench in the 10/6 preseason opener at Charlotte [SINGLE-SOURCE: box score] (ESPN box score); 10/9: started the 10/8 game vs Philadelphia, 20 min / 11 pts / 1 reb / 0 ast on 3-4 (ESPN box score; NetsDaily, Yahoo, NBC Sports)"
Luke Kornet,SAS,C,0.657,3.5,0.765,1.3,0.0,5.6,5.1,1.6,0.4,0.9,0.4,"rookie-proj (backup C #1 behind Wembanyama; rookies Quaintance and Reed a); 10/9: off the bench in the 10/8 game vs Atlanta, 15 min / 6 pts / 4 reb / 2 ast on 2-5 [SINGLE-SOURCE: box score] (ESPN box score)"
Jake LaRavia,LAL,"SF,PF",0.465,6.5,0.728,2.0,1.0,8.6,4.5,2.3,1.3,0.5,1.3,"starter-watch (projected opening-night PF starter; Ziaire Williams / Thybul); 10/6: 21 min / 12 pts off the bench in the 10/5 preseason opener behind a makeshift first five (Doncic, Grimes, Thybulle, Ziaire Williams, Looney) with Reaves, Kessler and Sexton out (box score; Silver Screen and Roll); 10/7: started the 10/6 game at Golden State, 22 min / 9 pts / 3 reb / 3 stl [SINGLE-SOURCE: box score] (ESPN box score); 10/9: off the bench in the 10/8 game vs Sacramento, 24 min / 17 pts / 4 reb / 3 ast on 6-9, 3-6 from three (ESPN box score; Yahoo, Sactown Sports, IBTimes)"
Dylan Cardwell,SAC,"PF,C",0.587,3.6,0.511,1.0,0.0,4.8,6.7,1.2,0.6,1.4,0.8,"rookie-proj (first big off the bench behind Sabonis and Raynaud; 44 GP, 5); 10/6: 29 min / 9 pts / 10 reb / 3 stl off the bench in the 10/5 preseason opener, the most minutes on the team [SINGLE-SOURCE: box score]"
Jaxson Hayes,UTA,C,0.739,3.7,0.640,1.8,0.0,6.6,4.1,0.9,0.4,0.8,0.5,"bench-role (signed 2yr/$12M July 2026; backup C behind Nurkic, competing); 10/7: started at C in the 10/6 game vs Denver with Nurkic and Filipowski out, 14 min / 7 pts / 4 reb [SINGLE-SOURCE: box score] (ESPN box score); 10/8: Nurkic's four-week absence (partial plantar plate tear, re-evaluated in four weeks) leaves Hayes and Jackson Jr. the center minutes into the season; Yardbarker expects more for Filipowski and Hayes (NBA.com release 10/8; Yardbarker, SI Jazz)"
Kevin Huerter,DET,"SG,SF",0.439,6.2,0.753,0.6,1.2,7.1,2.3,1.7,0.7,0.3,0.8,bench-role (re-signed 3yr/$27M June 29 2026; crowded wing room (Isaiah J)
Tony Bradley,NYK,C,0.557,3.2,0.700,0.8,0.0,3.7,2.6,0.5,0.3,0.5,0.5,"camp-deal (NYK, non-guaranteed, signed 2026-09-30 — RealGM, Hoops Wire, BVM); third-big competition; 10/6: on ESPN's Knicks roster feed at the 10/6 direct check (the by-name exemption lapses); 6 min / 2 pts in the 10/5 preseason opener (box score); 10/9: did not play the 10/8 game vs Washington (coach's decision on the box score); Other Coach's Decision, day-to-day on ESPN's feed with a 2026-10-12 estimate [SINGLE-SOURCE: box score] (ESPN box score)"
Isaiah Jackson,LAC,C,0.635,3.7,0.631,1.7,0.0,5.8,4.5,0.9,0.6,0.9,0.9,"bench-role (backup C behind Brook Lopez, watchlist-only; Yanic Konan Nie); 10/2, second pull: on the first unit at C for the first two camp days with Lopez on the second group — Lue: 'things will change' (HoopsHype/Lue 10/1, SI Clippers, Clipperholics); line holds for the WO-5 refresh; 10/5: started the 10/4 preseason opener at C, 17 min, 4 pts / 4 reb / 3 ast / 2 blk, with Lopez 7 min off the bench (box score; Hoops Rumors Clippers Notes 10/5)"
Jaylon Tyson,CLE,"SG,SF,PF",0.481,8.7,0.744,1.5,1.7,11.1,4.6,2.0,0.7,0.3,1.3,"bench-role (second man up behind Peyton Watson; 13.2 pts in 26.9 mpg, 45); 10/9: started the 10/8 game vs Boston, 17 min / 14 pts / 3 reb / 2 ast on 6-8 [SINGLE-SOURCE: box score] (ESPN box score)"
Jarace Walker,IND,"SF,PF",0.437,7.7,0.728,1.8,1.5,9.5,4.4,2.2,0.8,0.4,1.6,"bench-role (primary backup forward behind Nesmith; career-high 11.6 ppg); 10/8: 28 min (team high) / 7 pts / 5 reb / 10 ast (team high) off the bench in the 10/7 game at Minnesota (ESPN box score; Sofascore, Yahoo)"
Ja'Kobe Walter,TOR,"PG,SG",0.425,6.8,0.791,1.5,1.6,8.6,3.0,1.5,1.0,0.2,0.7,"bench-role (locked bench 3-and-D wing, top wing of the second unit; 40.9)"
Jordan Goodwin,PHX,"PG,SG",0.417,8.4,0.706,0.8,1.7,9.2,5.5,2.4,1.7,0.4,1.2,"bench-role (re-signed 3yr/$19M; key bench guard, 8.7 pts / 4.9 reb in 22); 10/8: 16 min / 5 pts / 6 stl off the bench in the 10/7 game at Chicago [SINGLE-SOURCE: box score] (ESPN box score)"
Jaylin Williams,OKC,"PF,C",0.428,4.5,0.790,1.0,1.2,5.9,4.3,2.2,0.4,0.6,0.8,"rookie-proj (backup C behind Hartenstein, battling rookies Mara and Sorbe); 10/7: out of the 10/6 game vs New Orleans, heel, day-to-day on ESPN's feed; Mara started at C [SINGLE-SOURCE: ESPN feed] (ESPN game feed); 10/8: out of the 10/7 game vs Milwaukee too, heel, day-to-day on ESPN's feed with a 10/12 estimate; Mara started at C again (ESPN game feed; Yahoo)"
Moritz Wagner,BKN,C,0.503,8.1,0.760,3.3,0.9,11.6,4.8,1.3,0.8,0.2,1.2,"bench-role (signed 2yr/$18.45M (mutual option); center depth behind the); 10/7: 18 min / 5 pts / 4 reb / 5 ast off the bench in the 10/6 preseason opener at Charlotte [SINGLE-SOURCE: box score] (ESPN box score); 10/9: started the 10/8 game vs Philadelphia, 18 min / 6 pts / 3 reb / 1 ast / 4 stl on 2-3 (ESPN box score; NetsDaily, Yahoo, NBC Sports)"
Kobe Sanders,LAC,"SG,SF",0.466,4.0,0.829,0.8,0.8,5.2,1.6,1.2,0.5,0.1,0.8,bench-role (backcourt depth (PG option behind Garland / Wagler / Dunn);)
Cam Spencer,MEM,"PG,SG",0.465,6.9,0.947,1.7,1.8,9.8,2.3,4.7,0.7,0.2,1.1,bench-role (bigger role after Morant / KCP departures; 44.8% 3P as a sop); 10/8: 16 min / 7 pts / 5 ast off the bench in the 10/7 game vs Orlando [SINGLE-SOURCE: box score] (ESPN box score)
Karlo Matkovic,NOP,"PF,C",0.589,4.2,0.754,0.8,0.5,6.0,3.9,0.9,0.4,0.9,0.7,"bench-role (team option exercised; backup big behind Missi and Queen; 5.); 10/7: 12 min / 3 pts / 3 reb off the bench in the 10/6 game at Oklahoma City [SINGLE-SOURCE: box score] (ESPN box score); 10/9: off the bench in the 10/8 game at Miami, 12 min / 9 pts / 3 reb / 0 ast on 4-7 [SINGLE-SOURCE: box score] (ESPN box score)"
Baylor Scheierman,BOS,"SG,SF",0.430,5.4,0.861,0.6,1.5,6.6,4.1,1.9,0.7,0.1,0.7,"bench-role (77 GP, 20 starts, 5.0/3.1/1.4 in 16.8 mpg, 39.9% 3P; larger); 10/9: started the 10/8 game at Cleveland, 23 min / 16 pts / 5 reb / 3 ast on 5-12, 4-7 from three (ESPN box score; CelticsBlog, NBC Sports Boston, Boston Globe)"
Gui Santos,GSW,"SF,PF",0.488,8.1,0.715,2.1,1.4,10.8,5.6,3.0,1.1,0.4,1.8,"starter-watch (starter-or-first-wing; projected 28 mpg; 15.4 pts over last); 10/7: started at SF in the 10/6 game vs the Lakers with Horford held out (Lendeborg at PF), 21 min / 7 pts / 3 reb [SINGLE-SOURCE: box score] (ESPN box score); 10/8: held out of the 10/7 game at Portland, rest on ESPN's feed with a 10/10 estimate (ESPN game feed; Yahoo, Golden State of Mind)"
Justin Champagnie,WAS,"SF,PF",0.506,6.5,0.740,1.3,0.9,8.4,5.5,1.0,0.9,0.6,0.8,"bench-role (rotational forward; 8.7 pts / 5.6 reb in 20.0 mpg, 50.2% FG); 10/9: off the bench in the 10/8 game at New York, 19 min / 12 pts / 3 reb / 0 ast / 2 stl / 2 blk on 3-5 (ESPN box score; Bullets Forever/Yahoo, Sportando, TalkBasket)"
Javonte Green,DET,"SG,SF",0.438,3.7,0.793,1.0,0.8,4.8,2.4,0.6,0.9,0.3,0.4,"bench-role (re-signed 1yr/$3.95M; competing for bench wing minutes (Joe,)"
Harrison Barnes,SAS,PF,0.484,5.4,0.814,1.4,1.2,7.7,2.2,1.2,0.4,0.1,0.4,"bench-role (re-signed 1yr/$8M; 15-20 mpg matchup role; 9.9 ppg, 38.8% 3P); 10/9: off the bench in the 10/8 game vs Atlanta, 17 min / 7 pts / 2 reb / 2 ast on 2-5 [SINGLE-SOURCE: box score] (ESPN box score)"
Precious Achiuwa,SAC,"PF,C",0.519,6.9,0.566,1.5,0.3,8.4,6.0,1.1,0.8,0.7,0.8,"bench-role (re-signed 2yr/$11.5M; reserve big behind Sabonis; 10.1/6.7/1); 10/6: started at PF in the 10/5 preseason opener with Keegan Murray held out, 13 min / 2 pts (box score; Heavy); 10/9: started the 10/8 game at the Lakers, 24 min / 18 pts / 5 reb / 3 ast on 9-13 (ESPN box score; Yahoo, Sactown Sports)"
Gary Payton II,GSW,"SG,SF",0.580,5.0,0.677,0.5,0.4,6.7,3.2,1.5,0.9,0.3,0.7,"bench-role (re-signed 1yr minimum; specialist depth; 73 GP, 7.5/3.6 in 1); 10/7: 16 min / 4 pts / 5 reb off the bench in the 10/6 game vs the Lakers [SINGLE-SOURCE: box score] (ESPN box score); 10/8: held out of the 10/7 game at Portland, rest on ESPN's feed with a 10/10 estimate (ESPN game feed; Yahoo, Golden State of Mind)"
Bruce Brown,NYK,"PG,SG",0.450,4.8,0.720,0.8,0.7,5.5,2.5,1.8,0.6,0.2,0.8,"camp-deal (NYK Exhibit 9, non-guaranteed; five names for ~one spot); 10/9: off the bench in the 10/8 game vs Washington, 10 min / 4 pts / 1 reb / 1 ast on 2-3 [SINGLE-SOURCE: box score] (ESPN box score)"
Dominick Barlow,PHI,"PF,C",0.538,4.5,0.703,1.5,0.3,6.1,3.7,1.0,0.7,0.6,0.6,"bench-role (regular rotation big; 59 starts, 7.7/4.8/1.2/0.9 stl in 23.8)"
Jamal Shead,TOR,PG,0.386,6.1,0.781,1.1,1.0,6.6,1.6,4.6,0.8,0.2,1.4,"bench-role (primary backup PG behind Quickley; team option exercised; 82); extension 3yr/$24M agreed 10/1, contract only (ESPN/Shams, TSN, NBC Sports)"
John Konchar,FA,"SG,SF",0.465,2.1,0.760,0.4,0.4,2.7,2.8,1.2,0.9,0.4,0.4,"waived by NYK 2026-09-30 (personal matter, mutual parting — Hoops Rumors, RealGM, BVM); unsigned free agent; 10/2: Knicks camp deal agreed 9/15, waived 9/30 while away on a personal matter, both sides parting 'for now' (Hoops Rumors, HoopsHype/Begley, Yardbarker); unsigned again; 10/8: still unsigned since the 9/30 Knicks waiver, no dated item; the 'signs with the Knicks' items are the 9/15-16 signing (Basketball-Reference ledger read directly)"
Jonas Valanciunas,FA,C,0.550,7.0,0.800,2.8,0.2,10.0,7.5,1.5,0.4,0.6,1.4,out-europe (waived by DEN July 2026; signed Zalgiris — Yahoo still lists DEN)
Dru Smith,MIA,"PG,SG",0.430,4.3,0.824,1.3,0.6,5.4,2.3,2.2,1.3,0.3,0.8,"bench-role (salary guaranteed; defensive PG option; 70 GP, 5.6/2.5/2.6/1); 10/2, second pull: right calf strain in Thursday's practice, out 'a couple of weeks', minor per Spoelstra, could return for the 10/21 opener; Conwell gets the camp reps (NBC Sports 10/1, HoopsHype 10/1, SI Heat, ClutchPoints); 10/6: right calf strain in camp, out at least a couple of weeks, could make 10/21 (Hoops Rumors injury notes, HoopsHype); 10/9: did not play the 10/8 game vs New Orleans (right calf strain on the box score); Right Leg Calf Strain, day-to-day on ESPN's feed with a 2026-10-16 estimate [SINGLE-SOURCE: box score] (ESPN box score)"
Pelle Larsson,MIA,"SG,SF",0.480,7.6,0.771,2.9,0.9,10.5,3.3,3.0,0.9,0.3,1.3,"starter-watch (4yr/$60M extension Sept 2026; major rotation role, competing); 10/9: did not play the 10/8 game vs New Orleans (illness on the box score); Other Illness, day-to-day on ESPN's feed with a 2026-10-10 estimate [SINGLE-SOURCE: box score] (ESPN box score)"
Vit Krejci,POR,"SG,SF",0.466,4.0,0.729,0.5,1.2,5.3,1.7,1.4,0.5,0.3,0.5,camp-battle ($2.7M non-guaranteed; backup wing in contention); 10/8: 14 min / 3 pts off the bench in the 10/7 opener vs Golden State [SINGLE-SOURCE: box score] (ESPN box score)
Jock Landale,ATL,C,0.519,7.5,0.643,1.9,1.0,10.0,5.7,1.7,0.6,0.6,0.9,"bench-role (re-signed 1yr/$14M; No. 2 C behind Okongwu, the only center); 10/9: off the bench in the 10/8 game at San Antonio, 14 min / 10 pts / 5 reb / 2 ast / 2 blk on 4-6 [SINGLE-SOURCE: box score] (ESPN box score)"
Dean Wade,PHI,"SF,PF",0.427,4.4,0.630,0.5,1.2,5.2,3.9,1.3,0.7,0.3,0.3,"bench-role (4yr/$38.7M June 30 2026; bench forward behind Jaylen Brown a); 10/9: off the bench in the 10/8 game at Brooklyn, 16 min / 7 pts / 4 reb / 0 ast on 2-2 [SINGLE-SOURCE: box score] (ESPN box score)"
Isaac Okoro,CHI,"SG,SF",0.462,4.3,0.773,0.9,0.7,5.4,1.8,1.0,0.4,0.2,0.4,bench-role (defense-first wing without a clear role after Powell / Caleb); 10/8: 17 min / 2 pts off the bench in the 10/7 opener vs Phoenix [SINGLE-SOURCE: box score] (ESPN box score)
Brandon Williams,GSW,PG,0.450,8.5,0.800,2.2,1.2,10.5,2.4,3.2,0.6,0.2,1.5,"bench-role (GSW 1yr; scoring guard behind Curry/Melton); 10/7: 18 min / 10 pts / 5 to off the bench in the 10/6 game vs the Lakers [SINGLE-SOURCE: box score] (ESPN box score); 10/8: started the 10/7 game at Portland on the nine-man skeleton crew, 18 min / 17 pts on 7-11 / 4 ast (ESPN box score; Golden State of Mind, Yahoo)"
Ryan Dunn,PHX,"SF,PF",0.440,5.6,0.492,0.5,0.9,6.0,3.7,1.1,0.7,0.4,0.6,bench-role (make-or-break third year; team option exercised; 70 GP at ~1); 10/8: 23 min / 4 pts / 5 reb / 2 stl off the bench in the 10/7 game at Chicago [SINGLE-SOURCE: box score] (ESPN box score)
Nicolas Batum,FA,"SF,PF",0.450,3.5,0.800,0.6,1.1,4.8,3.5,1.5,0.6,0.4,0.6,out-retired (announced 2026-09-21 after LAC declined his option)
Mouhamed Gueye,ATL,"PF,C",0.440,4.9,0.698,1.1,0.7,5.7,4.4,1.0,0.9,0.8,0.5,"inj-foot-risk (fractured left foot, summer surgery; misses camp/preseason and the start of the season); 10/9: did not play the 10/8 game at San Antonio (coach's decision on the box score); Left Leg Foot Fracture, day-to-day on ESPN's feed with a 2026-10-21 estimate [SINGLE-SOURCE: box score] (ESPN box score)"
Simone Fontecchio,MIA,"SF,PF",0.407,5.8,0.836,1.3,1.4,7.2,2.9,1.1,0.5,0.2,0.7,"bench-role (re-signed 1yr minimum July 2; volume shooter, 37.5% 3P over); 10/9: off the bench in the 10/8 game vs New Orleans, 14 min / 6 pts / 3 reb / 1 ast on 2-6 [SINGLE-SOURCE: box score] (ESPN box score)"
Kentavious Caldwell-Pope,PHI,"SG,SF",0.428,3.8,0.877,0.8,0.7,4.6,1.3,1.2,0.6,0.2,0.5,"bench-role (1yr/$3.9M; may sit outside Nurse's nine-man rotation behind); 10/9: off the bench in the 10/8 game at Brooklyn, 12 min / 2 pts / 1 reb / 1 ast on 1-3 [SINGLE-SOURCE: box score] (ESPN box score)"
Marvin Bagley III,DEN,"PF,C",0.599,6.3,0.660,2.2,0.3,9.3,5.6,1.2,0.4,0.7,0.9,bench-role (1yr deal July 2026; top backup big behind Jokic; 60 GP (12 s); 10/7: 15 min / 10 pts / 5 reb off the bench in the 10/6 game at Utah [SINGLE-SOURCE: box score] (ESPN box score)
Terance Mann,BKN,"SG,SF",0.478,4.3,0.745,0.8,0.6,5.3,2.2,1.8,0.5,0.2,0.6,"bench-role (buried on the depth chart behind Mikel Brown, Demin, Powell,); 10/7: 20 min / 6 pts off the bench in the 10/6 preseason opener at Charlotte [SINGLE-SOURCE: box score] (ESPN box score); 10/9: off the bench in the 10/8 game vs Philadelphia, 12 min / 0 pts / 2 reb / 1 ast on 0-4 [SINGLE-SOURCE: box score] (ESPN box score)"
Will Richard,GSW,"SG,SF",0.469,3.4,0.852,0.5,0.7,4.4,1.7,0.9,0.8,0.1,0.5,"rookie-proj (limited bench guard (~14 min projected); two-way flashes as); 10/7: 15 min / 5 pts off the bench in the 10/6 game vs the Lakers [SINGLE-SOURCE: box score] (ESPN box score); 10/8: started the 10/7 game at Portland on the skeleton crew, 33 min / 15 pts, 3-3 from three, 6-6 FT (ESPN box score; Golden State of Mind, Yahoo)"
Luka Garza,BOS,C,0.557,4.9,0.747,1.6,0.7,7.4,3.6,0.9,0.4,0.4,0.7,"bench-role (backup C behind Queta; role had vanished when Vucevic arrive); 10/9: started the 10/8 game at Cleveland, 27 min / 22 pts / 10 reb / 2 ast / 3 blk on 6-17, 3-10 from three (ESPN box score; CelticsBlog, NBC Sports Boston, Boston Globe)"
Jordan Walsh,BOS,"SF,PF",0.474,4.3,0.747,0.9,0.8,5.5,4.2,0.9,0.8,0.5,0.7,"bench-role (bench wing; 3yr/$15M extension July 2026; 68 GP / 25 starts); 10/9: started the 10/8 game at Cleveland, 26 min / 16 pts / 2 reb / 1 ast on 6-14 (ESPN box score; CelticsBlog, NBC Sports Boston, Boston Globe)"
Bones Hyland,MIN,"PG,SG",0.442,5.9,0.801,1.1,1.5,7.6,1.6,2.2,0.6,0.2,1.0,"bench-role (re-signed 1yr vet-min; bench guard behind Edwards/LaMelo Bal); 10/8: 11 min / 10 pts, 3-6 from three, off the bench in the 10/7 game vs Indiana [SINGLE-SOURCE: box score] (ESPN box score)"
Craig Porter Jr.,CLE,"PG,SG",0.471,3.4,0.662,0.7,0.5,4.0,2.4,2.3,0.7,0.5,0.8,"bench-role (top backup PG behind Harden; $2.41M option exercised June 20); 10/9: off the bench in the 10/8 game vs Boston, 16 min / 5 pts / 3 reb / 10 ast / 2 stl on 2-3 (ESPN box score; Fear The Sword/Yahoo, Hoops Wire)"
Sion James,CHA,"SG,SF",0.371,3.2,0.841,0.9,0.8,3.9,2.5,1.5,0.5,0.2,0.6,bench-role (competing for the backup guard spot behind Coby White (LaMel); 10/7: 17 min / 8 pts off the bench in the 10/6 preseason opener vs Brooklyn [SINGLE-SOURCE: box score] (ESPN box score)
Mike Conley,BOS,PG,0.380,4.1,0.892,0.9,1.1,4.8,1.7,2.8,0.6,0.1,0.6,"bench-role (signed 1yr/$3.88M July 7 2026 (20th season); backup PG behin); 10/9: started the 10/8 game at Cleveland, 18 min / 3 pts / 1 reb / 4 ast on 1-3 [SINGLE-SOURCE: box score] (ESPN box score)"
Ben Sheppard,IND,"SG,SF",0.427,3.1,0.815,0.3,0.7,3.6,1.7,0.9,0.3,0.1,0.3,"bench-role (third-string SG/SF outside the projected 10-man rotation wit); 10/8: 22 min / 13 pts, 3-5 from three, off the bench in the 10/7 game at Minnesota [SINGLE-SOURCE: box score] (ESPN box score)"
Ben Simmons,SAC,PG,0.520,4.0,0.650,0.8,0.0,5.0,4.5,4.8,0.9,0.5,1.8,"inj-back-risk (sat out all of 2025-26 rehabbing back and leg injuries; signed SAC 1yr/$3.5M, announced 2026-09-08 - ESPN, NBA.com, CBS Sports; backup PG behind rookie Darius Acuff Jr., says no limitations entering camp - Sactown Sports); 10/5: held out of the 10/5 preseason opener on a cautious ramp-up, no injury reported, targeting 10/8 or 10/10 (RotoWire 10/5, Bleacher Report); 10/6: ruled out of the 10/5 opener as planned, no injury (Heavy, Yahoo); next chance 10/8 or 10/10; 10/8: no new item before tonight's game at the Lakers (SI Kings, ESPN); 10/9: ruled out of the 10/8 game at the Lakers, not injury related per ESPN's feed; no preseason appearance yet (Kings availability report via James Ham; Yahoo, Sactown Sports)"
Will Riley,WAS,"PF,SF",0.445,9.5,0.800,2.6,1.4,11.8,3.2,2.3,0.7,0.2,1.4,"second-year bench wing (2025-26: 74 GP / 18 GS / 22.1 mpg / 10.3 pts / 2.9 reb / 2.0 ast - B-Ref); primary perimeter weapon off the bench, competing with Middleton and Coulibaly for second-unit minutes (SI Wizards, Yardbarker, Bullets Forever camp roster); 10/9: off the bench in the 10/8 game at New York, 19 min / 2 pts / 4 reb / 1 ast on 1-4 [SINGLE-SOURCE: box score] (ESPN box score)"
Kingston Flemings,ATL,PG,0.420,7.0,0.760,1.6,1.0,8.0,2.5,3.0,0.8,0.2,1.5,"rookie-proj (No. 8 pick 2026; Houston 2025-26: 37 GP / 31.6 mpg / 16.1 pts / 4.1 reb / 5.2 ast / 1.5 stl, 38.7 pct from three - NBA.com draft, Yahoo; expected backup PG, competing with Nembhard and Carter - SI Hawks, Soaring Down South); role 9/30: backup point guard behind McCollum, who calls him 'ahead of his time' (Yahoo rookie targets, SI Hawks, HoopsHype); bench line unchanged; 10/6: started at PG in the 10/5 preseason opener with McCollum and Dort out, 25 min / 11 pts / 2 ast / 3 to (box score; Peachtree Hoops); 10/9: off the bench in the 10/8 game at San Antonio, 20 min / 15 pts / 3 reb / 5 ast / 3 stl on 6-8 [SINGLE-SOURCE: box score] (ESPN box score)"
Zach Collins,CHI,C,0.520,5.5,0.800,1.4,0.6,7.0,4.6,1.6,0.4,0.5,1.0,"backup big behind Claxton, platooning with Jalen Smith; re-signed 2yr/$17M with a team option (Bleacher Nation 9/25 camp roster, Pippen Ain't Easy, On Tap Sports Net); 2025-26 10 GP / 18.4 mpg / 9.7 pts (B-Ref); 10/8: DNP the 10/7 opener vs Phoenix; ESPN's feed: right toe surgery, day-to-day, 10/9 estimate; one search summary calls it a quad injury [SINGLE-SOURCE: search summary] (ESPN game feed; Hoops Rumors and Yahoo list him sidelined with the toe)"
Yang Hansen,POR,C,0.420,2.5,0.750,0.8,0.1,2.5,1.8,0.6,0.1,0.3,0.7,"added 2026-10-05 (D59-3 default applied: drafted #126 in mock 59 with no pool row): third-string C behind Clingan and Robert Williams III per the GM, 'developmental reserve', G League minutes likely (Yahoo, Rip City Project x2); 2025-26: 43 GP / 7.0 mpg / 2.2 pts / 1.5 reb / 0.5 ast on .310 (Basketball-Reference); line [ESTIMATED] from that base at ~8 mpg, LIKELY direction, SPECULATIVE magnitude; kit twin identical; 10/8: 12 min / 6 pts / 4 ast off the bench in the 10/7 opener vs Golden State, third center behind Clingan and Williams [SINGLE-SOURCE: box score] (ESPN box score)"
